timestamp,sensor_id,label,voltage_V,current_uA,valid
2026-07-16T00:00:00Z,1,DUT-A1,6.9581,163.17,1
2026-07-16T00:00:00Z,2,DUT-A2,6.9582,128.89,1
2026-07-16T00:00:00Z,3,DUT-A3,6.5045,151.8,1
2026-07-16T00:00:00Z,4,DUT-A4,6.5033,159.18,1
2026-07-16T00:00:00Z,5,DUT-A5,6.963,193.02,1
2026-07-16T00:00:00Z,6,DUT-A6,6.999,115.51,1
2026-07-16T00:00:00Z,7,DUT-A7,7.0063,102.87,1
2026-07-16T00:00:00Z,8,DUT-A8,7.0048,566.13,1
2026-07-16T00:00:18Z,1,DUT-A1,6.9579,198.24,1
2026-07-16T00:00:18Z,2,DUT-A2,6.9582,117.67,1
2026-07-16T00:00:18Z,3,DUT-A3,6.504,1027.35,1
2026-07-16T00:00:18Z,4,DUT-A4,6.503,765.0,1
2026-07-16T00:00:18Z,5,DUT-A5,6.963,192.95,1
2026-07-16T00:00:18Z,6,DUT-A6,6.9987,150.3,1
2026-07-16T00:00:18Z,7,DUT-A7,7.0063,119.58,1
2026-07-16T00:00:18Z,8,DUT-A8,7.005,154.34,1
2026-07-16T00:00:32Z,1,DUT-A1,6.9577,213.98,1
2026-07-16T00:00:32Z,2,DUT-A2,6.9579,476.76,1
2026-07-16T00:00:32Z,3,DUT-A3,6.5036,2055.18,1
2026-07-16T00:00:32Z,4,DUT-A4,6.5034,169.93,1
2026-07-16T00:00:32Z,5,DUT-A5,6.9626,547.56,1
2026-07-16T00:00:32Z,6,DUT-A6,6.9988,169.02,1
2026-07-16T00:00:32Z,7,DUT-A7,7.0061,143.26,1
2026-07-16T00:00:32Z,8,DUT-A8,7.0049,143.0,1
2026-07-16T00:00:46Z,1,DUT-A1,6.9573,188.04,1
2026-07-16T00:00:46Z,2,DUT-A2,6.9583,152.03,1
2026-07-16T00:00:46Z,3,DUT-A3,6.5042,136.44,1
2026-07-16T00:00:46Z,4,DUT-A4,6.5034,191.75,1
2026-07-16T00:00:46Z,5,DUT-A5,6.9631,182.09,1
2026-07-16T00:00:46Z,6,DUT-A6,6.9989,136.29,1
2026-07-16T00:00:46Z,7,DUT-A7,7.0055,761.21,1
2026-07-16T00:00:46Z,8,DUT-A8,7.005,136.64,1
2026-07-16T00:01:00Z,1,DUT-A1,6.9577,186.79,1
2026-07-16T00:01:00Z,2,DUT-A2,6.9584,136.87,1
2026-07-16T00:01:00Z,3,DUT-A3,6.5042,169.2,1
2026-07-16T00:01:00Z,4,DUT-A4,6.5034,167.85,1
2026-07-16T00:01:00Z,5,DUT-A5,6.9632,163.22,1
2026-07-16T00:01:00Z,6,DUT-A6,6.9988,148.29,1
2026-07-16T00:01:00Z,7,DUT-A7,7.0054,1127.01,1
2026-07-16T00:01:00Z,8,DUT-A8,7.0047,305.51,1
2026-07-16T00:01:14Z,1,DUT-A1,6.9576,188.88,1
2026-07-16T00:01:14Z,2,DUT-A2,6.9566,1032.92,1
2026-07-16T00:01:14Z,3,DUT-A3,6.504,873.44,1
2026-07-16T00:01:14Z,4,DUT-A4,6.5029,946.99,1
2026-07-16T00:01:14Z,5,DUT-A5,6.9633,172.02,1
2026-07-16T00:01:14Z,6,DUT-A6,6.9989,143.48,1
2026-07-16T00:01:14Z,7,DUT-A7,7.0062,130.59,1
2026-07-16T00:01:14Z,8,DUT-A8,7.0049,142.54,1
2026-07-16T00:01:28Z,1,DUT-A1,6.9577,174.15,1
2026-07-16T00:01:28Z,2,DUT-A2,6.9586,150.63,1
2026-07-16T00:01:28Z,3,DUT-A3,6.5044,164.67,1
2026-07-16T00:01:28Z,4,DUT-A4,6.5032,459.19,1
2026-07-16T00:01:28Z,5,DUT-A5,6.9634,239.67,1
2026-07-16T00:01:28Z,6,DUT-A6,6.9988,156.45,1
2026-07-16T00:01:28Z,7,DUT-A7,7.0058,412.93,1
2026-07-16T00:01:28Z,8,DUT-A8,7.0051,142.44,1
2026-07-16T00:01:42Z,1,DUT-A1,6.9576,148.01,1
2026-07-16T00:01:42Z,2,DUT-A2,6.9585,106.41,1
2026-07-16T00:01:42Z,3,DUT-A3,6.5044,149.89,1
2026-07-16T00:01:42Z,4,DUT-A4,6.5032,157.45,1
2026-07-16T00:01:42Z,5,DUT-A5,6.9634,168.51,1
2026-07-16T00:01:42Z,6,DUT-A6,6.9991,145.39,1
2026-07-16T00:01:42Z,7,DUT-A7,7.0055,868.66,1
2026-07-16T00:01:42Z,8,DUT-A8,7.0049,111.67,1
2026-07-16T00:01:56Z,1,DUT-A1,6.9577,192.85,1
2026-07-16T00:01:56Z,2,DUT-A2,6.9583,147.27,1
2026-07-16T00:01:56Z,3,DUT-A3,6.5044,148.72,1
2026-07-16T00:01:56Z,4,DUT-A4,6.5032,169.68,1
2026-07-16T00:01:56Z,5,DUT-A5,6.9628,912.22,1
2026-07-16T00:01:56Z,6,DUT-A6,6.9983,765.2,1
2026-07-16T00:01:56Z,7,DUT-A7,7.0063,139.31,1
2026-07-16T00:01:56Z,8,DUT-A8,7.0045,856.02,1
2026-07-16T00:02:13Z,1,DUT-A1,6.9578,192.49,1
2026-07-16T00:02:13Z,2,DUT-A2,6.9566,1335.17,1
2026-07-16T00:02:13Z,3,DUT-A3,6.5039,872.6,1
2026-07-16T00:02:13Z,4,DUT-A4,6.5028,939.41,1
2026-07-16T00:02:13Z,5,DUT-A5,6.9634,165.79,1
2026-07-16T00:02:13Z,6,DUT-A6,6.9989,125.83,1
2026-07-16T00:02:13Z,7,DUT-A7,7.0063,128.4,1
2026-07-16T00:02:13Z,8,DUT-A8,7.0052,139.59,1
2026-07-16T00:02:27Z,1,DUT-A1,6.9577,181.17,1
2026-07-16T00:02:27Z,2,DUT-A2,6.9586,139.47,1
2026-07-16T00:02:27Z,3,DUT-A3,6.5043,150.1,1
2026-07-16T00:02:27Z,4,DUT-A4,6.5029,540.31,1
2026-07-16T00:02:27Z,5,DUT-A5,6.9634,181.63,1
2026-07-16T00:02:27Z,6,DUT-A6,6.9989,145.8,1
2026-07-16T00:02:27Z,7,DUT-A7,7.0062,169.63,1
2026-07-16T00:02:27Z,8,DUT-A8,7.0051,135.5,1
2026-07-16T00:02:41Z,1,DUT-A1,6.9578,180.72,1
2026-07-16T00:02:41Z,2,DUT-A2,6.9586,162.3,1
2026-07-16T00:02:41Z,3,DUT-A3,6.5043,165.94,1
2026-07-16T00:02:41Z,4,DUT-A4,6.5031,193.91,1
2026-07-16T00:02:41Z,5,DUT-A5,6.9634,153.25,1
2026-07-16T00:02:41Z,6,DUT-A6,6.9988,149.97,1
2026-07-16T00:02:41Z,7,DUT-A7,7.0055,832.65,1
2026-07-16T00:02:41Z,8,DUT-A8,7.0049,130.82,1
2026-07-16T00:02:55Z,1,DUT-A1,6.9578,162.13,1
2026-07-16T00:02:55Z,2,DUT-A2,6.9585,134.35,1
2026-07-16T00:02:55Z,3,DUT-A3,6.5044,118.1,1
2026-07-16T00:02:55Z,4,DUT-A4,6.5031,191.19,1
2026-07-16T00:02:55Z,5,DUT-A5,6.9631,840.15,1
2026-07-16T00:02:55Z,6,DUT-A6,6.9984,714.39,1
2026-07-16T00:02:55Z,7,DUT-A7,7.0063,138.93,1
2026-07-16T00:02:55Z,8,DUT-A8,7.0051,245.62,1
2026-07-16T00:03:10Z,1,DUT-A1,6.9572,451.48,1
2026-07-16T00:03:10Z,2,DUT-A2,6.9587,119.02,1
2026-07-16T00:03:10Z,3,DUT-A3,6.5045,137.97,1
2026-07-16T00:03:10Z,4,DUT-A4,6.5032,168.61,1
2026-07-16T00:03:10Z,5,DUT-A5,6.9636,205.92,1
2026-07-16T00:03:10Z,6,DUT-A6,6.9988,130.46,1
2026-07-16T00:03:10Z,7,DUT-A7,7.006,143.94,1
2026-07-16T00:03:10Z,8,DUT-A8,7.0052,164.97,1
2026-07-16T00:03:23Z,1,DUT-A1,6.9568,922.67,1
2026-07-16T00:03:23Z,2,DUT-A2,6.9586,155.18,1
2026-07-16T00:03:23Z,3,DUT-A3,6.5043,118.54,1
2026-07-16T00:03:23Z,4,DUT-A4,6.5031,176.21,1
2026-07-16T00:03:23Z,5,DUT-A5,6.9636,157.19,1
2026-07-16T00:03:23Z,6,DUT-A6,6.9989,166.7,1
2026-07-16T00:03:23Z,7,DUT-A7,7.006,117.75,1
2026-07-16T00:03:23Z,8,DUT-A8,7.0052,136.77,1
2026-07-16T00:03:37Z,1,DUT-A1,6.958,199.41,1
2026-07-16T00:03:37Z,2,DUT-A2,6.9586,125.83,1
2026-07-16T00:03:37Z,3,DUT-A3,6.5043,136.01,1
2026-07-16T00:03:37Z,4,DUT-A4,6.5033,172.48,1
2026-07-16T00:03:37Z,5,DUT-A5,6.9637,155.67,1
2026-07-16T00:03:37Z,6,DUT-A6,6.9984,574.8,1
2026-07-16T00:03:37Z,7,DUT-A7,7.0058,117.21,1
2026-07-16T00:03:37Z,8,DUT-A8,7.0045,685.22,1
2026-07-16T00:03:51Z,1,DUT-A1,6.9578,220.64,1
2026-07-16T00:03:51Z,2,DUT-A2,6.9586,125.5,1
2026-07-16T00:03:51Z,3,DUT-A3,6.5044,177.99,1
2026-07-16T00:03:51Z,4,DUT-A4,6.5032,183.82,1
2026-07-16T00:03:51Z,5,DUT-A5,6.9637,182.17,1
2026-07-16T00:03:51Z,6,DUT-A6,6.999,119.6,1
2026-07-16T00:03:51Z,7,DUT-A7,7.006,149.84,1
2026-07-16T00:03:51Z,8,DUT-A8,7.0052,145.44,1
2026-07-16T00:04:05Z,1,DUT-A1,6.9574,335.24,1
2026-07-16T00:04:05Z,2,DUT-A2,6.9587,164.21,1
2026-07-16T00:04:05Z,3,DUT-A3,6.5044,143.28,1
2026-07-16T00:04:05Z,4,DUT-A4,6.5032,205.59,1
2026-07-16T00:04:05Z,5,DUT-A5,6.9638,174.79,1
2026-07-16T00:04:05Z,6,DUT-A6,6.9991,138.6,1
2026-07-16T00:04:05Z,7,DUT-A7,7.0059,132.32,1
2026-07-16T00:04:05Z,8,DUT-A8,7.0051,149.94,1
2026-07-16T00:04:19Z,1,DUT-A1,6.9579,170.95,1
2026-07-16T00:04:19Z,2,DUT-A2,6.9586,131.96,1
2026-07-16T00:04:19Z,3,DUT-A3,6.5045,143.15,1
2026-07-16T00:04:19Z,4,DUT-A4,6.5031,170.98,1
2026-07-16T00:04:19Z,5,DUT-A5,6.9639,181.28,1
2026-07-16T00:04:19Z,6,DUT-A6,6.9989,126.83,1
2026-07-16T00:04:19Z,7,DUT-A7,7.006,138.65,1
2026-07-16T00:04:19Z,8,DUT-A8,7.0051,127.92,1
2026-07-16T00:04:33Z,1,DUT-A1,6.9579,175.91,1
2026-07-16T00:04:33Z,2,DUT-A2,6.9574,793.13,1
2026-07-16T00:04:33Z,3,DUT-A3,6.5041,860.75,1
2026-07-16T00:04:33Z,4,DUT-A4,6.5029,839.03,1
2026-07-16T00:04:33Z,5,DUT-A5,6.964,338.67,1
2026-07-16T00:04:33Z,6,DUT-A6,6.999,145.62,1
2026-07-16T00:04:33Z,7,DUT-A7,7.006,116.91,1
2026-07-16T00:04:33Z,8,DUT-A8,7.0053,127.51,1
2026-07-16T00:04:47Z,1,DUT-A1,6.9578,197.4,1
2026-07-16T00:04:47Z,2,DUT-A2,6.9586,150.91,1
2026-07-16T00:04:47Z,3,DUT-A3,6.5046,126.78,1
2026-07-16T00:04:47Z,4,DUT-A4,6.5033,195.29,1
2026-07-16T00:04:47Z,5,DUT-A5,6.9641,128.07,1
2026-07-16T00:04:47Z,6,DUT-A6,6.9991,133.16,1
2026-07-16T00:04:47Z,7,DUT-A7,7.006,153.61,1
2026-07-16T00:04:47Z,8,DUT-A8,7.0052,161.16,1
2026-07-16T00:05:01Z,1,DUT-A1,6.958,186.34,1
2026-07-16T00:05:01Z,2,DUT-A2,6.9585,151.95,1
2026-07-16T00:05:01Z,3,DUT-A3,6.5041,674.41,1
2026-07-16T00:05:01Z,4,DUT-A4,6.5031,163.75,1
2026-07-16T00:05:01Z,5,DUT-A5,6.9641,157.95,1
2026-07-16T00:05:01Z,6,DUT-A6,6.9989,133.41,1
2026-07-16T00:05:01Z,7,DUT-A7,7.0052,877.64,1
2026-07-16T00:05:01Z,8,DUT-A8,7.0053,121.23,1
2026-07-16T00:05:15Z,1,DUT-A1,6.9576,192.46,1
2026-07-16T00:05:15Z,2,DUT-A2,6.958,163.91,1
2026-07-16T00:05:15Z,3,DUT-A3,6.5044,147.4,1
2026-07-16T00:05:15Z,4,DUT-A4,6.5032,186.67,1
2026-07-16T00:05:15Z,5,DUT-A5,6.9606,4214.3,1
2026-07-16T00:05:15Z,6,DUT-A6,6.9977,1450.17,1
2026-07-16T00:05:15Z,7,DUT-A7,7.0061,148.67,1
2026-07-16T00:05:15Z,8,DUT-A8,7.0052,138.98,1
2026-07-16T00:05:29Z,1,DUT-A1,6.9569,373.41,1
2026-07-16T00:05:29Z,2,DUT-A2,6.9585,153.12,1
2026-07-16T00:05:29Z,3,DUT-A3,6.5044,145.04,1
2026-07-16T00:05:29Z,4,DUT-A4,6.5031,295.36,1
2026-07-16T00:05:29Z,5,DUT-A5,6.9638,162.43,1
2026-07-16T00:05:29Z,6,DUT-A6,6.999,130.62,1
2026-07-16T00:05:29Z,7,DUT-A7,7.0032,2938.46,1
2026-07-16T00:05:29Z,8,DUT-A8,7.0043,540.31,1
2026-07-16T00:05:43Z,1,DUT-A1,6.9567,947.44,1
2026-07-16T00:05:43Z,2,DUT-A2,6.9574,619.79,1
2026-07-16T00:05:43Z,3,DUT-A3,6.5043,135.88,1
2026-07-16T00:05:43Z,4,DUT-A4,6.5032,190.84,1
2026-07-16T00:05:43Z,5,DUT-A5,6.9637,204.01,1
2026-07-16T00:05:43Z,6,DUT-A6,6.9987,126.04,1
2026-07-16T00:05:43Z,7,DUT-A7,7.0057,114.49,1
2026-07-16T00:05:43Z,8,DUT-A8,7.0051,114.03,1
2026-07-16T00:05:57Z,1,DUT-A1,6.9577,163.19,1
2026-07-16T00:05:57Z,2,DUT-A2,6.9585,136.31,1
2026-07-16T00:05:57Z,3,DUT-A3,6.5045,144.2,1
2026-07-16T00:05:57Z,4,DUT-A4,6.503,578.84,1
2026-07-16T00:05:57Z,5,DUT-A5,6.9634,939.36,1
2026-07-16T00:05:57Z,6,DUT-A6,6.9982,664.44,1
2026-07-16T00:05:57Z,7,DUT-A7,7.0058,128.45,1
2026-07-16T00:05:57Z,8,DUT-A8,7.0043,818.02,1
2026-07-16T00:06:11Z,1,DUT-A1,6.9575,164.36,1
2026-07-16T00:06:11Z,2,DUT-A2,6.9588,176.95,1
2026-07-16T00:06:11Z,3,DUT-A3,6.5044,136.03,1
2026-07-16T00:06:11Z,4,DUT-A4,6.5032,164.31,1
2026-07-16T00:06:11Z,5,DUT-A5,6.9642,181.33,1
2026-07-16T00:06:11Z,6,DUT-A6,6.9988,139.44,1
2026-07-16T00:06:11Z,7,DUT-A7,7.0057,136.54,1
2026-07-16T00:06:11Z,8,DUT-A8,7.005,125.76,1
2026-07-16T00:06:25Z,1,DUT-A1,6.9567,894.6,1
2026-07-16T00:06:25Z,2,DUT-A2,6.9584,141.93,1
2026-07-16T00:06:25Z,3,DUT-A3,6.5045,126.95,1
2026-07-16T00:06:25Z,4,DUT-A4,6.5031,165.69,1
2026-07-16T00:06:25Z,5,DUT-A5,6.964,183.06,1
2026-07-16T00:06:25Z,6,DUT-A6,6.9989,99.69,1
2026-07-16T00:06:25Z,7,DUT-A7,7.0058,152.08,1
2026-07-16T00:06:25Z,8,DUT-A8,7.0049,132.35,1
2026-07-16T00:06:39Z,1,DUT-A1,6.9566,984.12,1
2026-07-16T00:06:39Z,2,DUT-A2,6.9586,136.34,1
2026-07-16T00:06:39Z,3,DUT-A3,6.5045,159.4,1
2026-07-16T00:06:39Z,4,DUT-A4,6.5032,171.71,1
2026-07-16T00:06:39Z,5,DUT-A5,6.9639,167.87,1
2026-07-16T00:06:39Z,6,DUT-A6,6.9982,756.3,1
2026-07-16T00:06:39Z,7,DUT-A7,7.0058,137.91,1
2026-07-16T00:06:39Z,8,DUT-A8,7.005,141.78,1
2026-07-16T00:06:53Z,1,DUT-A1,6.9576,165.28,1
2026-07-16T00:06:53Z,2,DUT-A2,6.9575,765.69,1
2026-07-16T00:06:53Z,3,DUT-A3,6.5039,843.96,1
2026-07-16T00:06:53Z,4,DUT-A4,6.5032,192.39,1
2026-07-16T00:06:53Z,5,DUT-A5,6.9641,165.94,1
2026-07-16T00:06:53Z,6,DUT-A6,6.999,139.16,1
2026-07-16T00:06:53Z,7,DUT-A7,7.006,164.95,1
2026-07-16T00:06:53Z,8,DUT-A8,7.005,138.02,1
2026-07-16T00:07:06Z,1,DUT-A1,6.9579,191.7,1
2026-07-16T00:07:06Z,2,DUT-A2,6.9587,151.5,1
2026-07-16T00:07:06Z,3,DUT-A3,6.5044,160.85,1
2026-07-16T00:07:06Z,4,DUT-A4,6.5032,146.79,1
2026-07-16T00:07:06Z,5,DUT-A5,6.9641,209.3,1
2026-07-16T00:07:06Z,6,DUT-A6,6.9988,148.57,1
2026-07-16T00:07:06Z,7,DUT-A7,7.0059,127.67,1
2026-07-16T00:07:06Z,8,DUT-A8,7.0051,142.52,1
2026-07-16T00:07:23Z,1,DUT-A1,6.9569,958.1,1
2026-07-16T00:07:23Z,2,DUT-A2,6.9586,164.75,1
2026-07-16T00:07:23Z,3,DUT-A3,6.5044,168.66,1
2026-07-16T00:07:23Z,4,DUT-A4,6.5034,133.57,1
2026-07-16T00:07:23Z,5,DUT-A5,6.9644,183.69,1
2026-07-16T00:07:23Z,6,DUT-A6,6.9989,130.84,1
2026-07-16T00:07:23Z,7,DUT-A7,7.0057,107.5,1
2026-07-16T00:07:23Z,8,DUT-A8,7.005,131.3,1
2026-07-16T00:07:37Z,1,DUT-A1,6.958,168.69,1
2026-07-16T00:07:37Z,2,DUT-A2,6.9588,139.26,1
2026-07-16T00:07:37Z,3,DUT-A3,6.5044,133.46,1
2026-07-16T00:07:37Z,4,DUT-A4,6.5033,185.04,1
2026-07-16T00:07:37Z,5,DUT-A5,6.9643,157.83,1
2026-07-16T00:07:37Z,6,DUT-A6,6.9984,330.0,1
2026-07-16T00:07:37Z,7,DUT-A7,7.0058,124.74,1
2026-07-16T00:07:37Z,8,DUT-A8,7.0046,799.54,1
2026-07-16T00:07:51Z,1,DUT-A1,6.9579,171.74,1
2026-07-16T00:07:51Z,2,DUT-A2,6.9587,153.58,1
2026-07-16T00:07:51Z,3,DUT-A3,6.5044,141.73,1
2026-07-16T00:07:51Z,4,DUT-A4,6.5032,144.3,1
2026-07-16T00:07:51Z,5,DUT-A5,6.9643,185.14,1
2026-07-16T00:07:51Z,6,DUT-A6,6.9988,107.78,1
2026-07-16T00:07:51Z,7,DUT-A7,7.0059,117.44,1
2026-07-16T00:07:51Z,8,DUT-A8,7.0053,135.35,1
2026-07-16T00:08:05Z,1,DUT-A1,6.9575,309.7,1
2026-07-16T00:08:05Z,2,DUT-A2,6.9588,122.73,1
2026-07-16T00:08:05Z,3,DUT-A3,6.5044,164.08,1
2026-07-16T00:08:05Z,4,DUT-A4,6.5032,205.69,1
2026-07-16T00:08:05Z,5,DUT-A5,6.9644,181.28,1
2026-07-16T00:08:05Z,6,DUT-A6,6.999,113.4,1
2026-07-16T00:08:05Z,7,DUT-A7,7.0058,145.11,1
2026-07-16T00:08:05Z,8,DUT-A8,7.005,142.62,1
2026-07-16T00:08:20Z,1,DUT-A1,6.9581,187.53,1
2026-07-16T00:08:20Z,2,DUT-A2,6.9587,154.34,1
2026-07-16T00:08:20Z,3,DUT-A3,6.5043,154.29,1
2026-07-16T00:08:20Z,4,DUT-A4,6.5029,149.71,1
2026-07-16T00:08:20Z,5,DUT-A5,6.964,215.18,1
2026-07-16T00:08:20Z,6,DUT-A6,6.9989,108.85,1
2026-07-16T00:08:20Z,7,DUT-A7,7.0061,137.33,1
2026-07-16T00:08:20Z,8,DUT-A8,7.0052,142.67,1
2026-07-16T00:08:34Z,1,DUT-A1,6.958,191.37,1
2026-07-16T00:08:34Z,2,DUT-A2,6.9576,770.9,1
2026-07-16T00:08:34Z,3,DUT-A3,6.5038,877.64,1
2026-07-16T00:08:34Z,4,DUT-A4,6.5029,847.68,1
2026-07-16T00:08:34Z,5,DUT-A5,6.9625,894.85,1
2026-07-16T00:08:34Z,6,DUT-A6,6.9988,159.61,1
2026-07-16T00:08:34Z,7,DUT-A7,7.006,157.8,1
2026-07-16T00:08:34Z,8,DUT-A8,7.0051,128.58,1
2026-07-16T00:08:48Z,1,DUT-A1,6.9579,196.13,1
2026-07-16T00:08:48Z,2,DUT-A2,6.9589,127.74,1
2026-07-16T00:08:48Z,3,DUT-A3,6.5043,126.67,1
2026-07-16T00:08:48Z,4,DUT-A4,6.5033,188.52,1
2026-07-16T00:08:48Z,5,DUT-A5,6.9593,4377.01,1
2026-07-16T00:08:48Z,6,DUT-A6,6.9988,138.6,1
2026-07-16T00:08:48Z,7,DUT-A7,7.0061,125.5,1
2026-07-16T00:08:48Z,8,DUT-A8,7.0051,144.68,1
2026-07-16T00:09:02Z,1,DUT-A1,6.9581,212.5,1
2026-07-16T00:09:02Z,2,DUT-A2,6.9587,147.91,1
2026-07-16T00:09:02Z,3,DUT-A3,6.5041,353.12,1
2026-07-16T00:09:02Z,4,DUT-A4,6.5033,170.85,1
2026-07-16T00:09:02Z,5,DUT-A5,6.9624,215.96,1
2026-07-16T00:09:02Z,6,DUT-A6,6.9989,137.81,1
2026-07-16T00:09:02Z,7,DUT-A7,7.0053,837.86,1
2026-07-16T00:09:02Z,8,DUT-A8,7.0052,122.81,1
2026-07-16T00:09:16Z,1,DUT-A1,6.9579,211.06,1
2026-07-16T00:09:16Z,2,DUT-A2,6.9566,912.93,1
2026-07-16T00:09:16Z,3,DUT-A3,6.5045,137.56,1
2026-07-16T00:09:16Z,4,DUT-A4,6.5032,183.84,1
2026-07-16T00:09:16Z,5,DUT-A5,6.9611,930.66,1
2026-07-16T00:09:16Z,6,DUT-A6,6.9982,837.81,1
2026-07-16T00:09:16Z,7,DUT-A7,7.0059,126.09,1
2026-07-16T00:09:16Z,8,DUT-A8,7.0047,694.05,1
2026-07-16T00:09:29Z,1,DUT-A1,6.9578,158.49,1
2026-07-16T00:09:29Z,2,DUT-A2,6.9584,179.09,1
2026-07-16T00:09:29Z,3,DUT-A3,6.5045,123.7,1
2026-07-16T00:09:29Z,4,DUT-A4,6.5033,183.44,1
2026-07-16T00:09:29Z,5,DUT-A5,6.9611,231.09,1
2026-07-16T00:09:29Z,6,DUT-A6,6.9989,127.54,1
2026-07-16T00:09:29Z,7,DUT-A7,7.0058,368.6,1
2026-07-16T00:09:29Z,8,DUT-A8,7.0048,331.57,1
2026-07-16T00:09:43Z,1,DUT-A1,6.957,919.62,1
2026-07-16T00:09:43Z,2,DUT-A2,6.957,851.92,1
2026-07-16T00:09:43Z,3,DUT-A3,6.5045,133.62,1
2026-07-16T00:09:43Z,4,DUT-A4,6.5035,189.29,1
2026-07-16T00:09:43Z,5,DUT-A5,6.9607,259.43,1
2026-07-16T00:09:43Z,6,DUT-A6,6.9989,115.99,1
2026-07-16T00:09:43Z,7,DUT-A7,7.006,149.97,1
2026-07-16T00:09:43Z,8,DUT-A8,7.0054,134.53,1
2026-07-16T00:09:57Z,1,DUT-A1,6.9582,178.35,1
2026-07-16T00:09:57Z,2,DUT-A2,6.9574,623.6,1
2026-07-16T00:09:57Z,3,DUT-A3,6.5044,133.79,1
2026-07-16T00:09:57Z,4,DUT-A4,6.5032,397.87,1
2026-07-16T00:09:57Z,5,DUT-A5,6.9607,265.86,1
2026-07-16T00:09:57Z,6,DUT-A6,6.9989,141.42,1
2026-07-16T00:09:57Z,7,DUT-A7,7.0061,126.37,1
2026-07-16T00:09:57Z,8,DUT-A8,7.0048,650.36,1
2026-07-16T00:10:11Z,1,DUT-A1,6.958,166.35,1
2026-07-16T00:10:11Z,2,DUT-A2,6.9585,160.88,1
2026-07-16T00:10:11Z,3,DUT-A3,6.5044,139.9,1
2026-07-16T00:10:11Z,4,DUT-A4,6.5032,173.65,1
2026-07-16T00:10:11Z,5,DUT-A5,6.9611,210.44,1
2026-07-16T00:10:11Z,6,DUT-A6,6.9989,126.57,1
2026-07-16T00:10:11Z,7,DUT-A7,7.006,122.86,1
2026-07-16T00:10:11Z,8,DUT-A8,7.0051,150.71,1
2026-07-16T00:10:25Z,1,DUT-A1,6.9574,177.74,1
2026-07-16T00:10:25Z,2,DUT-A2,6.9581,116.17,1
2026-07-16T00:10:25Z,3,DUT-A3,6.5044,135.55,1
2026-07-16T00:10:25Z,4,DUT-A4,6.5032,166.27,1
2026-07-16T00:10:25Z,5,DUT-A5,6.9608,270.79,1
2026-07-16T00:10:25Z,6,DUT-A6,6.9987,116.76,1
2026-07-16T00:10:25Z,7,DUT-A7,7.006,138.83,1
2026-07-16T00:10:25Z,8,DUT-A8,7.0051,148.82,1
2026-07-16T00:10:39Z,1,DUT-A1,6.9571,613.71,1
2026-07-16T00:10:39Z,2,DUT-A2,6.9583,130.23,1
2026-07-16T00:10:39Z,3,DUT-A3,6.5045,160.98,1
2026-07-16T00:10:39Z,4,DUT-A4,6.5032,170.24,1
2026-07-16T00:10:39Z,5,DUT-A5,6.9594,1846.11,1
2026-07-16T00:10:39Z,6,DUT-A6,6.9988,110.42,1
2026-07-16T00:10:39Z,7,DUT-A7,7.006,145.16,1
2026-07-16T00:10:39Z,8,DUT-A8,7.0051,132.96,1
2026-07-16T00:10:53Z,1,DUT-A1,6.9577,141.4,1
2026-07-16T00:10:53Z,2,DUT-A2,6.957,844.8,1
2026-07-16T00:10:53Z,3,DUT-A3,6.504,916.52,1
2026-07-16T00:10:53Z,4,DUT-A4,6.5029,920.41,1
2026-07-16T00:10:53Z,5,DUT-A5,6.9598,239.31,1
2026-07-16T00:10:53Z,6,DUT-A6,6.9987,133.95,1
2026-07-16T00:10:53Z,7,DUT-A7,7.006,133.34,1
2026-07-16T00:10:53Z,8,DUT-A8,7.0053,133.11,1
2026-07-16T00:11:07Z,1,DUT-A1,6.9577,156.68,1
2026-07-16T00:11:07Z,2,DUT-A2,6.9584,153.71,1
2026-07-16T00:11:07Z,3,DUT-A3,6.5045,165.48,1
2026-07-16T00:11:07Z,4,DUT-A4,6.5033,142.85,1
2026-07-16T00:11:07Z,5,DUT-A5,6.9571,2867.92,1
2026-07-16T00:11:07Z,6,DUT-A6,6.9985,349.2,1
2026-07-16T00:11:07Z,7,DUT-A7,7.0058,152.21,1
2026-07-16T00:11:07Z,8,DUT-A8,7.005,132.22,1
2026-07-16T00:11:21Z,1,DUT-A1,6.9579,177.64,1
2026-07-16T00:11:21Z,2,DUT-A2,6.9583,131.48,1
2026-07-16T00:11:21Z,3,DUT-A3,6.5046,148.54,1
2026-07-16T00:11:21Z,4,DUT-A4,6.5031,165.69,1
2026-07-16T00:11:21Z,5,DUT-A5,6.959,201.42,1
2026-07-16T00:11:21Z,6,DUT-A6,6.9989,121.89,1
2026-07-16T00:11:21Z,7,DUT-A7,7.0054,838.6,1
2026-07-16T00:11:21Z,8,DUT-A8,7.005,137.33,1
2026-07-16T00:11:35Z,1,DUT-A1,6.958,183.79,1
2026-07-16T00:11:35Z,2,DUT-A2,6.9582,142.98,1
2026-07-16T00:11:35Z,3,DUT-A3,6.5045,153.0,1
2026-07-16T00:11:35Z,4,DUT-A4,6.5032,328.29,1
2026-07-16T00:11:35Z,5,DUT-A5,6.9583,563.58,1
2026-07-16T00:11:35Z,6,DUT-A6,6.9985,651.96,1
2026-07-16T00:11:35Z,7,DUT-A7,7.0061,127.18,1
2026-07-16T00:11:35Z,8,DUT-A8,7.0052,147.99,1
2026-07-16T00:11:49Z,1,DUT-A1,6.958,188.14,1
2026-07-16T00:11:49Z,2,DUT-A2,6.9583,159.58,1
2026-07-16T00:11:49Z,3,DUT-A3,6.5045,161.97,1
2026-07-16T00:11:49Z,4,DUT-A4,6.5033,161.9,1
2026-07-16T00:11:49Z,5,DUT-A5,6.958,232.26,1
2026-07-16T00:11:49Z,6,DUT-A6,6.9988,141.42,1
2026-07-16T00:11:49Z,7,DUT-A7,7.0061,146.69,1
2026-07-16T00:11:49Z,8,DUT-A8,7.0053,127.21,1
2026-07-16T00:12:03Z,1,DUT-A1,6.9581,208.69,1
2026-07-16T00:12:03Z,2,DUT-A2,6.9584,123.39,1
2026-07-16T00:12:03Z,3,DUT-A3,6.5043,290.4,1
2026-07-16T00:12:03Z,4,DUT-A4,6.5034,155.44,1
2026-07-16T00:12:03Z,5,DUT-A5,6.9575,564.04,1
2026-07-16T00:12:03Z,6,DUT-A6,6.999,171.53,1
2026-07-16T00:12:03Z,7,DUT-A7,7.0059,125.71,1
2026-07-16T00:12:03Z,8,DUT-A8,7.0051,136.8,1
2026-07-16T00:12:17Z,1,DUT-A1,6.9579,157.6,1
2026-07-16T00:12:17Z,2,DUT-A2,6.9583,109.86,1
2026-07-16T00:12:17Z,3,DUT-A3,6.5044,143.84,1
2026-07-16T00:12:17Z,4,DUT-A4,6.5031,153.38,1
2026-07-16T00:12:17Z,5,DUT-A5,6.9573,916.19,1
2026-07-16T00:12:17Z,6,DUT-A6,6.9982,798.75,1
2026-07-16T00:12:17Z,7,DUT-A7,7.0062,121.31,1
2026-07-16T00:12:17Z,8,DUT-A8,7.0044,831.12,1
2026-07-16T00:12:34Z,1,DUT-A1,6.9582,205.0,1
2026-07-16T00:12:34Z,2,DUT-A2,6.9572,861.84,1
2026-07-16T00:12:34Z,3,DUT-A3,6.504,876.14,1
2026-07-16T00:12:34Z,4,DUT-A4,6.5029,933.69,1
2026-07-16T00:12:34Z,5,DUT-A5,6.956,217.21,1
2026-07-16T00:12:34Z,6,DUT-A6,6.9989,152.16,1
2026-07-16T00:12:34Z,7,DUT-A7,7.006,124.97,1
2026-07-16T00:12:34Z,8,DUT-A8,7.0052,128.15,1
2026-07-16T00:12:48Z,1,DUT-A1,6.958,181.02,1
2026-07-16T00:12:48Z,2,DUT-A2,6.9586,146.41,1
2026-07-16T00:12:48Z,3,DUT-A3,6.5045,153.05,1
2026-07-16T00:12:48Z,4,DUT-A4,6.5033,185.8,1
2026-07-16T00:12:48Z,5,DUT-A5,6.9557,176.27,1
2026-07-16T00:12:48Z,6,DUT-A6,6.9989,132.14,1
2026-07-16T00:12:48Z,7,DUT-A7,7.0063,139.36,1
2026-07-16T00:12:48Z,8,DUT-A8,7.0052,142.24,1
2026-07-16T00:13:02Z,1,DUT-A1,6.9582,167.06,1
2026-07-16T00:13:02Z,2,DUT-A2,6.9585,129.95,1
2026-07-16T00:13:02Z,3,DUT-A3,6.5042,395.25,1
2026-07-16T00:13:02Z,4,DUT-A4,6.5033,164.72,1
2026-07-16T00:13:02Z,5,DUT-A5,6.956,377.22,1
2026-07-16T00:13:02Z,6,DUT-A6,6.9988,128.43,1
2026-07-16T00:13:02Z,7,DUT-A7,7.0053,852.66,1
2026-07-16T00:13:02Z,8,DUT-A8,7.0052,136.54,1
2026-07-16T00:13:16Z,1,DUT-A1,6.958,184.12,1
2026-07-16T00:13:16Z,2,DUT-A2,6.9583,137.25,1
2026-07-16T00:13:16Z,3,DUT-A3,6.5045,100.53,1
2026-07-16T00:13:16Z,4,DUT-A4,6.5033,179.52,1
2026-07-16T00:13:16Z,5,DUT-A5,6.9548,934.5,1
2026-07-16T00:13:16Z,6,DUT-A6,6.9983,768.59,1
2026-07-16T00:13:16Z,7,DUT-A7,7.0062,143.46,1
2026-07-16T00:13:16Z,8,DUT-A8,7.0046,809.91,1
2026-07-16T00:13:30Z,1,DUT-A1,6.9581,162.94,1
2026-07-16T00:13:30Z,2,DUT-A2,6.9588,133.01,1
2026-07-16T00:13:30Z,3,DUT-A3,6.5043,121.51,1
2026-07-16T00:13:30Z,4,DUT-A4,6.5032,150.45,1
2026-07-16T00:13:30Z,5,DUT-A5,6.9556,195.62,1
2026-07-16T00:13:30Z,6,DUT-A6,6.9989,142.9,1
2026-07-16T00:13:30Z,7,DUT-A7,7.0061,131.07,1
2026-07-16T00:13:30Z,8,DUT-A8,7.0051,497.89,1
2026-07-16T00:13:44Z,1,DUT-A1,6.9569,887.04,1
2026-07-16T00:13:44Z,2,DUT-A2,6.9579,304.24,1
2026-07-16T00:13:44Z,3,DUT-A3,6.5045,150.07,1
2026-07-16T00:13:44Z,4,DUT-A4,6.5032,178.58,1
2026-07-16T00:13:44Z,5,DUT-A5,6.9557,249.25,1
2026-07-16T00:13:44Z,6,DUT-A6,6.9989,129.24,1
2026-07-16T00:13:44Z,7,DUT-A7,7.006,153.02,1
2026-07-16T00:13:44Z,8,DUT-A8,7.0052,161.52,1
2026-07-16T00:13:58Z,1,DUT-A1,6.9582,189.9,1
2026-07-16T00:13:58Z,2,DUT-A2,6.9587,145.6,1
2026-07-16T00:13:58Z,3,DUT-A3,6.5046,151.34,1
2026-07-16T00:13:58Z,4,DUT-A4,6.5033,370.76,1
2026-07-16T00:13:58Z,5,DUT-A5,6.9535,2604.96,1
2026-07-16T00:13:58Z,6,DUT-A6,6.9989,146.79,1
2026-07-16T00:13:58Z,7,DUT-A7,7.0055,883.71,1
2026-07-16T00:13:58Z,8,DUT-A8,7.0051,145.98,1
2026-07-16T00:14:12Z,1,DUT-A1,6.9579,176.29,1
2026-07-16T00:14:12Z,2,DUT-A2,6.9583,419.97,1
2026-07-16T00:14:12Z,3,DUT-A3,6.5044,386.99,1
2026-07-16T00:14:12Z,4,DUT-A4,6.5033,165.38,1
2026-07-16T00:14:12Z,5,DUT-A5,6.9556,211.67,1
2026-07-16T00:14:12Z,6,DUT-A6,6.999,116.88,1
2026-07-16T00:14:12Z,7,DUT-A7,7.0062,146.13,1
2026-07-16T00:14:12Z,8,DUT-A8,7.0053,148.67,1
2026-07-16T00:14:26Z,1,DUT-A1,6.958,187.0,1
2026-07-16T00:14:26Z,2,DUT-A2,6.9585,124.21,1
2026-07-16T00:14:26Z,3,DUT-A3,6.5046,147.58,1
2026-07-16T00:14:26Z,4,DUT-A4,6.5033,158.36,1
2026-07-16T00:14:26Z,5,DUT-A5,6.9556,193.56,1
2026-07-16T00:14:26Z,6,DUT-A6,6.999,126.62,1
2026-07-16T00:14:26Z,7,DUT-A7,7.0063,129.4,1
2026-07-16T00:14:26Z,8,DUT-A8,7.0054,128.25,1
2026-07-16T00:14:40Z,1,DUT-A1,6.9572,887.66,1
2026-07-16T00:14:40Z,2,DUT-A2,6.9588,131.71,1
2026-07-16T00:14:40Z,3,DUT-A3,6.5043,135.73,1
2026-07-16T00:14:40Z,4,DUT-A4,6.503,166.68,1
2026-07-16T00:14:40Z,5,DUT-A5,6.9557,263.57,1
2026-07-16T00:14:40Z,6,DUT-A6,6.999,136.21,1
2026-07-16T00:14:40Z,7,DUT-A7,7.0058,470.56,1
2026-07-16T00:14:40Z,8,DUT-A8,7.0052,138.98,1
2026-07-16T00:14:54Z,1,DUT-A1,6.9583,216.27,1
2026-07-16T00:14:54Z,2,DUT-A2,6.9562,1317.01,1
2026-07-16T00:14:54Z,3,DUT-A3,6.504,891.88,1
2026-07-16T00:14:54Z,4,DUT-A4,6.5027,889.13,1
2026-07-16T00:14:54Z,5,DUT-A5,6.9555,180.49,1
2026-07-16T00:14:54Z,6,DUT-A6,6.999,129.17,1
2026-07-16T00:14:54Z,7,DUT-A7,7.006,118.26,1
2026-07-16T00:14:54Z,8,DUT-A8,7.0055,137.94,1
2026-07-16T00:15:08Z,1,DUT-A1,6.9583,175.32,1
2026-07-16T00:15:08Z,2,DUT-A2,6.9584,131.35,1
2026-07-16T00:15:08Z,3,DUT-A3,6.5044,172.73,1
2026-07-16T00:15:08Z,4,DUT-A4,6.5031,177.92,1
2026-07-16T00:15:08Z,5,DUT-A5,6.9557,176.6,1
2026-07-16T00:15:08Z,6,DUT-A6,6.9988,378.04,1
2026-07-16T00:15:08Z,7,DUT-A7,7.0061,115.03,1
2026-07-16T00:15:08Z,8,DUT-A8,7.0054,129.57,1
2026-07-16T00:15:22Z,1,DUT-A1,6.9579,188.75,1
2026-07-16T00:15:22Z,2,DUT-A2,6.9583,119.71,1
2026-07-16T00:15:22Z,3,DUT-A3,6.5045,132.19,1
2026-07-16T00:15:22Z,4,DUT-A4,6.5031,199.13,1
2026-07-16T00:15:22Z,5,DUT-A5,6.9555,318.68,1
2026-07-16T00:15:22Z,6,DUT-A6,6.9987,145.67,1
2026-07-16T00:15:22Z,7,DUT-A7,7.0054,786.77,1
2026-07-16T00:15:22Z,8,DUT-A8,7.0049,680.39,1
2026-07-16T00:15:36Z,1,DUT-A1,6.9573,177.23,1
2026-07-16T00:15:36Z,2,DUT-A2,6.9584,137.15,1
2026-07-16T00:15:36Z,3,DUT-A3,6.5042,118.56,1
2026-07-16T00:15:36Z,4,DUT-A4,6.5031,171.64,1
2026-07-16T00:15:36Z,5,DUT-A5,6.9546,1400.71,1
2026-07-16T00:15:36Z,6,DUT-A6,6.9977,1801.76,1
2026-07-16T00:15:36Z,7,DUT-A7,7.0062,139.21,1
2026-07-16T00:15:36Z,8,DUT-A8,7.004,1631.34,1
2026-07-16T00:15:50Z,1,DUT-A1,6.9576,177.08,1
2026-07-16T00:15:50Z,2,DUT-A2,6.9586,143.2,1
2026-07-16T00:15:50Z,3,DUT-A3,6.5043,153.76,1
2026-07-16T00:15:50Z,4,DUT-A4,6.5033,146.84,1
2026-07-16T00:15:50Z,5,DUT-A5,6.9552,140.48,1
2026-07-16T00:15:50Z,6,DUT-A6,6.9988,137.05,1
2026-07-16T00:15:50Z,7,DUT-A7,7.0061,121.0,1
2026-07-16T00:15:50Z,8,DUT-A8,7.0051,125.15,1
2026-07-16T00:16:04Z,1,DUT-A1,6.9567,916.54,1
2026-07-16T00:16:04Z,2,DUT-A2,6.9585,155.72,1
2026-07-16T00:16:04Z,3,DUT-A3,6.5045,145.93,1
2026-07-16T00:16:04Z,4,DUT-A4,6.5033,158.01,1
2026-07-16T00:16:04Z,5,DUT-A5,6.9552,299.76,1
2026-07-16T00:16:04Z,6,DUT-A6,6.9989,142.49,1
2026-07-16T00:16:04Z,7,DUT-A7,7.0058,115.03,1
2026-07-16T00:16:04Z,8,DUT-A8,7.0052,142.65,1
2026-07-16T00:16:18Z,1,DUT-A1,6.9577,176.9,1
2026-07-16T00:16:18Z,2,DUT-A2,6.9584,149.59,1
2026-07-16T00:16:18Z,3,DUT-A3,6.5045,127.11,1
2026-07-16T00:16:18Z,4,DUT-A4,6.5034,175.93,1
2026-07-16T00:16:18Z,5,DUT-A5,6.9553,203.78,1
2026-07-16T00:16:18Z,6,DUT-A6,6.9987,131.15,1
2026-07-16T00:16:18Z,7,DUT-A7,7.006,130.51,1
2026-07-16T00:16:18Z,8,DUT-A8,7.0052,128.73,1
2026-07-16T00:16:32Z,1,DUT-A1,6.9577,183.51,1
2026-07-16T00:16:32Z,2,DUT-A2,6.9587,132.75,1
2026-07-16T00:16:32Z,3,DUT-A3,6.5039,854.98,1
2026-07-16T00:16:32Z,4,DUT-A4,6.503,186.74,1
2026-07-16T00:16:32Z,5,DUT-A5,6.9554,300.85,1
2026-07-16T00:16:32Z,6,DUT-A6,6.9988,131.18,1
2026-07-16T00:16:32Z,7,DUT-A7,7.0059,155.64,1
2026-07-16T00:16:32Z,8,DUT-A8,7.0051,136.64,1
2026-07-16T00:16:46Z,1,DUT-A1,6.9575,182.88,1
2026-07-16T00:16:46Z,2,DUT-A2,6.9586,148.04,1
2026-07-16T00:16:46Z,3,DUT-A3,6.5044,130.59,1
2026-07-16T00:16:46Z,4,DUT-A4,6.5029,192.31,1
2026-07-16T00:16:46Z,5,DUT-A5,6.9522,2772.78,1
2026-07-16T00:16:46Z,6,DUT-A6,6.999,143.79,1
2026-07-16T00:16:46Z,7,DUT-A7,7.0061,109.1,1
2026-07-16T00:16:46Z,8,DUT-A8,7.0053,136.74,1
2026-07-16T00:17:00Z,1,DUT-A1,6.9576,169.7,1
2026-07-16T00:17:00Z,2,DUT-A2,6.9584,151.95,1
2026-07-16T00:17:00Z,3,DUT-A3,6.5043,118.46,1
2026-07-16T00:17:00Z,4,DUT-A4,6.5032,154.27,1
2026-07-16T00:17:00Z,5,DUT-A5,6.9552,195.8,1
2026-07-16T00:17:00Z,6,DUT-A6,6.9989,111.57,1
2026-07-16T00:17:00Z,7,DUT-A7,7.006,108.54,1
2026-07-16T00:17:00Z,8,DUT-A8,7.0049,301.82,1
2026-07-16T00:17:14Z,1,DUT-A1,6.9578,202.97,1
2026-07-16T00:17:14Z,2,DUT-A2,6.9559,1596.81,1
2026-07-16T00:17:14Z,3,DUT-A3,6.504,870.39,1
2026-07-16T00:17:14Z,4,DUT-A4,6.5028,946.86,1
2026-07-16T00:17:14Z,5,DUT-A5,6.9553,169.07,1
2026-07-16T00:17:14Z,6,DUT-A6,6.999,132.07,1
2026-07-16T00:17:14Z,7,DUT-A7,7.0061,109.58,1
2026-07-16T00:17:14Z,8,DUT-A8,7.0053,113.75,1
2026-07-16T00:17:27Z,1,DUT-A1,6.9576,192.16,1
2026-07-16T00:17:27Z,2,DUT-A2,6.9586,151.95,1
2026-07-16T00:17:27Z,3,DUT-A3,6.5044,156.58,1
2026-07-16T00:17:27Z,4,DUT-A4,6.5033,320.79,1
2026-07-16T00:17:27Z,5,DUT-A5,6.9554,160.65,1
2026-07-16T00:17:27Z,6,DUT-A6,6.9991,121.66,1
2026-07-16T00:17:27Z,7,DUT-A7,7.006,315.32,1
2026-07-16T00:17:27Z,8,DUT-A8,7.0053,112.64,1
2026-07-16T00:17:45Z,1,DUT-A1,6.9566,964.36,1
2026-07-16T00:17:45Z,2,DUT-A2,6.9583,299.3,1
2026-07-16T00:17:45Z,3,DUT-A3,6.5045,131.3,1
2026-07-16T00:17:45Z,4,DUT-A4,6.5033,196.81,1
2026-07-16T00:17:45Z,5,DUT-A5,6.9557,171.18,1
2026-07-16T00:17:45Z,6,DUT-A6,6.9989,118.92,1
2026-07-16T00:17:45Z,7,DUT-A7,7.006,163.07,1
2026-07-16T00:17:45Z,8,DUT-A8,7.0054,144.7,1
2026-07-16T00:17:59Z,1,DUT-A1,6.9579,197.12,1
2026-07-16T00:17:59Z,2,DUT-A2,6.9586,120.8,1
2026-07-16T00:17:59Z,3,DUT-A3,6.5046,147.91,1
2026-07-16T00:17:59Z,4,DUT-A4,6.503,830.79,1
2026-07-16T00:17:59Z,5,DUT-A5,6.9558,174.92,1
2026-07-16T00:17:59Z,6,DUT-A6,6.999,133.97,1
2026-07-16T00:17:59Z,7,DUT-A7,7.006,626.55,1
2026-07-16T00:17:59Z,8,DUT-A8,7.0052,113.07,1
2026-07-16T00:18:12Z,1,DUT-A1,6.9577,182.27,1
2026-07-16T00:18:12Z,2,DUT-A2,6.9576,720.37,1
2026-07-16T00:18:12Z,3,DUT-A3,6.5041,824.15,1
2026-07-16T00:18:12Z,4,DUT-A4,6.5033,173.06,1
2026-07-16T00:18:12Z,5,DUT-A5,6.9559,186.82,1
2026-07-16T00:18:12Z,6,DUT-A6,6.9989,119.2,1
2026-07-16T00:18:12Z,7,DUT-A7,7.0062,130.57,1
2026-07-16T00:18:12Z,8,DUT-A8,7.0054,144.45,1
2026-07-16T00:18:26Z,1,DUT-A1,6.9577,185.98,1
2026-07-16T00:18:26Z,2,DUT-A2,6.9585,124.67,1
2026-07-16T00:18:26Z,3,DUT-A3,6.5044,144.12,1
2026-07-16T00:18:26Z,4,DUT-A4,6.5032,182.32,1
2026-07-16T00:18:26Z,5,DUT-A5,6.9561,157.95,1
2026-07-16T00:18:26Z,6,DUT-A6,6.9991,123.44,1
2026-07-16T00:18:26Z,7,DUT-A7,7.0062,148.47,1
2026-07-16T00:18:26Z,8,DUT-A8,7.0053,131.63,1
2026-07-16T00:18:40Z,1,DUT-A1,6.9576,370.03,1
2026-07-16T00:18:40Z,2,DUT-A2,6.9589,119.65,1
2026-07-16T00:18:40Z,3,DUT-A3,6.5044,145.01,1
2026-07-16T00:18:40Z,4,DUT-A4,6.5032,179.8,1
2026-07-16T00:18:40Z,5,DUT-A5,6.956,179.75,1
2026-07-16T00:18:40Z,6,DUT-A6,6.9989,137.76,1
2026-07-16T00:18:40Z,7,DUT-A7,7.0056,782.7,1
2026-07-16T00:18:40Z,8,DUT-A8,7.0053,129.22,1
2026-07-16T00:18:54Z,1,DUT-A1,6.9578,179.04,1
2026-07-16T00:18:54Z,2,DUT-A2,6.9578,595.73,1
2026-07-16T00:18:54Z,3,DUT-A3,6.5042,667.29,1
2026-07-16T00:18:54Z,4,DUT-A4,6.5028,838.24,1
2026-07-16T00:18:54Z,5,DUT-A5,6.9562,147.07,1
2026-07-16T00:18:54Z,6,DUT-A6,6.9988,119.1,1
2026-07-16T00:18:54Z,7,DUT-A7,7.0062,137.89,1
2026-07-16T00:18:54Z,8,DUT-A8,7.0054,133.69,1
2026-07-16T00:19:09Z,1,DUT-A1,6.957,760.3,1
2026-07-16T00:19:09Z,2,DUT-A2,6.9587,124.13,1
2026-07-16T00:19:09Z,3,DUT-A3,6.5043,153.43,1
2026-07-16T00:19:09Z,4,DUT-A4,6.5032,166.07,1
2026-07-16T00:19:09Z,5,DUT-A5,6.9564,174.74,1
2026-07-16T00:19:09Z,6,DUT-A6,6.9989,272.65,1
2026-07-16T00:19:09Z,7,DUT-A7,7.0061,135.75,1
2026-07-16T00:19:09Z,8,DUT-A8,7.0054,145.7,1
2026-07-16T00:19:23Z,1,DUT-A1,6.9579,195.67,1
2026-07-16T00:19:23Z,2,DUT-A2,6.9587,143.56,1
2026-07-16T00:19:23Z,3,DUT-A3,6.5045,155.26,1
2026-07-16T00:19:23Z,4,DUT-A4,6.5033,157.19,1
2026-07-16T00:19:23Z,5,DUT-A5,6.9565,218.86,1
2026-07-16T00:19:23Z,6,DUT-A6,6.9991,174.92,1
2026-07-16T00:19:23Z,7,DUT-A7,7.006,143.41,1
2026-07-16T00:19:23Z,8,DUT-A8,7.0053,159.76,1
2026-07-16T00:19:37Z,1,DUT-A1,6.9579,178.91,1
2026-07-16T00:19:37Z,2,DUT-A2,6.9588,146.0,1
2026-07-16T00:19:37Z,3,DUT-A3,6.5045,136.92,1
2026-07-16T00:19:37Z,4,DUT-A4,6.5032,183.46,1
2026-07-16T00:19:37Z,5,DUT-A5,6.9559,864.03,1
2026-07-16T00:19:37Z,6,DUT-A6,6.9984,806.73,1
2026-07-16T00:19:37Z,7,DUT-A7,7.0061,137.81,1
2026-07-16T00:19:37Z,8,DUT-A8,7.0047,813.06,1
2026-07-16T00:19:51Z,1,DUT-A1,6.9579,184.53,1
2026-07-16T00:19:51Z,2,DUT-A2,6.9586,168.2,1
2026-07-16T00:19:51Z,3,DUT-A3,6.5044,138.63,1
2026-07-16T00:19:51Z,4,DUT-A4,6.5033,180.31,1
2026-07-16T00:19:51Z,5,DUT-A5,6.9569,181.17,1
2026-07-16T00:19:51Z,6,DUT-A6,6.9991,126.8,1
2026-07-16T00:19:51Z,7,DUT-A7,7.0062,128.05,1
2026-07-16T00:19:51Z,8,DUT-A8,7.0056,114.77,1
2026-07-16T00:20:04Z,1,DUT-A1,6.9568,871.74,1
2026-07-16T00:20:04Z,2,DUT-A2,6.9582,149.13,1
2026-07-16T00:20:04Z,3,DUT-A3,6.5044,167.97,1
2026-07-16T00:20:04Z,4,DUT-A4,6.5028,811.64,1
2026-07-16T00:20:04Z,5,DUT-A5,6.9569,196.0,1
2026-07-16T00:20:04Z,6,DUT-A6,6.9991,154.34,1
2026-07-16T00:20:04Z,7,DUT-A7,7.0062,134.35,1
2026-07-16T00:20:04Z,8,DUT-A8,7.0054,125.2,1
2026-07-16T00:20:19Z,1,DUT-A1,6.9579,208.82,1
2026-07-16T00:20:19Z,2,DUT-A2,6.9583,152.61,1
2026-07-16T00:20:19Z,3,DUT-A3,6.5043,779.75,1
2026-07-16T00:20:19Z,4,DUT-A4,6.5029,810.73,1
2026-07-16T00:20:19Z,5,DUT-A5,6.9566,137.58,1
2026-07-16T00:20:19Z,6,DUT-A6,6.9988,154.34,1
2026-07-16T00:20:19Z,7,DUT-A7,7.0063,141.09,1
2026-07-16T00:20:19Z,8,DUT-A8,7.0052,138.14,1
2026-07-16T00:20:33Z,1,DUT-A1,6.9577,195.06,1
2026-07-16T00:20:33Z,2,DUT-A2,6.9572,858.92,1
2026-07-16T00:20:33Z,3,DUT-A3,6.5018,4793.96,1
2026-07-16T00:20:33Z,4,DUT-A4,6.5029,446.09,1
2026-07-16T00:20:33Z,5,DUT-A5,6.9565,411.68,1
2026-07-16T00:20:33Z,6,DUT-A6,6.999,158.44,1
2026-07-16T00:20:33Z,7,DUT-A7,7.0063,144.2,1
2026-07-16T00:20:33Z,8,DUT-A8,7.0053,139.7,1
2026-07-16T00:20:46Z,1,DUT-A1,6.9577,197.3,1
2026-07-16T00:20:46Z,2,DUT-A2,6.9581,145.82,1
2026-07-16T00:20:46Z,3,DUT-A3,6.5044,134.25,1
2026-07-16T00:20:46Z,4,DUT-A4,6.5033,164.26,1
2026-07-16T00:20:46Z,5,DUT-A5,6.9571,175.63,1
2026-07-16T00:20:46Z,6,DUT-A6,6.9989,125.12,1
2026-07-16T00:20:46Z,7,DUT-A7,7.0055,763.96,1
2026-07-16T00:20:46Z,8,DUT-A8,7.0052,128.73,1
2026-07-16T00:21:00Z,1,DUT-A1,6.9578,191.17,1
2026-07-16T00:21:00Z,2,DUT-A2,6.9584,126.7,1
2026-07-16T00:21:00Z,3,DUT-A3,6.5045,144.7,1
2026-07-16T00:21:00Z,4,DUT-A4,6.5032,180.36,1
2026-07-16T00:21:00Z,5,DUT-A5,6.9569,191.52,1
2026-07-16T00:21:00Z,6,DUT-A6,6.9988,132.93,1
2026-07-16T00:21:00Z,7,DUT-A7,7.0049,1724.45,1
2026-07-16T00:21:00Z,8,DUT-A8,7.005,413.74,1
2026-07-16T00:21:14Z,1,DUT-A1,6.9566,914.23,1
2026-07-16T00:21:14Z,2,DUT-A2,6.957,815.56,1
2026-07-16T00:21:14Z,3,DUT-A3,6.5041,672.48,1
2026-07-16T00:21:14Z,4,DUT-A4,6.5029,911.69,1
2026-07-16T00:21:14Z,5,DUT-A5,6.957,158.23,1
2026-07-16T00:21:14Z,6,DUT-A6,6.9986,120.44,1
2026-07-16T00:21:14Z,7,DUT-A7,7.006,131.38,1
2026-07-16T00:21:14Z,8,DUT-A8,7.0051,123.29,1
2026-07-16T00:21:28Z,1,DUT-A1,6.9575,193.89,1
2026-07-16T00:21:28Z,2,DUT-A2,6.9582,134.1,1
2026-07-16T00:21:28Z,3,DUT-A3,6.5043,150.71,1
2026-07-16T00:21:28Z,4,DUT-A4,6.5031,930.66,1
2026-07-16T00:21:28Z,5,DUT-A5,6.9572,163.85,1
2026-07-16T00:21:28Z,6,DUT-A6,6.9989,117.19,1
2026-07-16T00:21:28Z,7,DUT-A7,7.0058,319.16,1
2026-07-16T00:21:28Z,8,DUT-A8,7.0052,132.47,1
2026-07-16T00:21:42Z,1,DUT-A1,6.9577,181.53,1
2026-07-16T00:21:42Z,2,DUT-A2,6.9584,134.81,1
2026-07-16T00:21:42Z,3,DUT-A3,6.5044,169.93,1
2026-07-16T00:21:42Z,4,DUT-A4,6.5032,198.16,1
2026-07-16T00:21:42Z,5,DUT-A5,6.9572,187.4,1
2026-07-16T00:21:42Z,6,DUT-A6,6.9989,107.27,1
2026-07-16T00:21:42Z,7,DUT-A7,7.0056,309.58,1
2026-07-16T00:21:42Z,8,DUT-A8,7.0049,126.67,1
2026-07-16T00:21:56Z,1,DUT-A1,6.9577,187.3,1
2026-07-16T00:21:56Z,2,DUT-A2,6.9583,122.86,1
2026-07-16T00:21:56Z,3,DUT-A3,6.5044,175.02,1
2026-07-16T00:21:56Z,4,DUT-A4,6.5033,208.94,1
2026-07-16T00:21:56Z,5,DUT-A5,6.9567,886.26,1
2026-07-16T00:21:56Z,6,DUT-A6,6.9983,830.56,1
2026-07-16T00:21:56Z,7,DUT-A7,7.0062,135.83,1
2026-07-16T00:21:56Z,8,DUT-A8,7.0044,846.58,1
2026-07-16T00:22:10Z,1,DUT-A1,6.9569,771.87,1
2026-07-16T00:22:10Z,2,DUT-A2,6.9585,139.52,1
2026-07-16T00:22:10Z,3,DUT-A3,6.5047,161.87,1
2026-07-16T00:22:10Z,4,DUT-A4,6.5035,180.21,1
2026-07-16T00:22:10Z,5,DUT-A5,6.9573,172.81,1
2026-07-16T00:22:10Z,6,DUT-A6,6.9987,126.06,1
2026-07-16T00:22:10Z,7,DUT-A7,7.0061,121.59,1
2026-07-16T00:22:10Z,8,DUT-A8,7.0051,124.36,1
2026-07-16T00:22:24Z,1,DUT-A1,6.9565,882.44,1
2026-07-16T00:22:24Z,2,DUT-A2,6.9584,134.89,1
2026-07-16T00:22:24Z,3,DUT-A3,6.5044,159.38,1
2026-07-16T00:22:24Z,4,DUT-A4,6.5033,182.37,1
2026-07-16T00:22:24Z,5,DUT-A5,6.9575,196.71,1
2026-07-16T00:22:24Z,6,DUT-A6,6.9989,142.87,1
2026-07-16T00:22:24Z,7,DUT-A7,7.0061,144.55,1
2026-07-16T00:22:24Z,8,DUT-A8,7.005,148.27,1
2026-07-16T00:22:38Z,1,DUT-A1,6.9578,164.67,1
2026-07-16T00:22:38Z,2,DUT-A2,6.9584,146.26,1
2026-07-16T00:22:38Z,3,DUT-A3,6.5046,177.51,1
2026-07-16T00:22:38Z,4,DUT-A4,6.5032,160.42,1
2026-07-16T00:22:38Z,5,DUT-A5,6.9575,199.28,1
2026-07-16T00:22:38Z,6,DUT-A6,6.9984,528.97,1
2026-07-16T00:22:38Z,7,DUT-A7,7.0062,131.51,1
2026-07-16T00:22:38Z,8,DUT-A8,7.005,151.34,1
2026-07-16T00:22:55Z,1,DUT-A1,6.9578,213.83,1
2026-07-16T00:22:55Z,2,DUT-A2,6.9583,127.18,1
2026-07-16T00:22:55Z,3,DUT-A3,6.5043,167.01,1
2026-07-16T00:22:55Z,4,DUT-A4,6.5031,186.95,1
2026-07-16T00:22:55Z,5,DUT-A5,6.9569,849.1,1
2026-07-16T00:22:55Z,6,DUT-A6,6.9984,778.55,1
2026-07-16T00:22:55Z,7,DUT-A7,7.0062,108.21,1
2026-07-16T00:22:55Z,8,DUT-A8,7.0048,584.08,1
2026-07-16T00:23:09Z,1,DUT-A1,6.9574,369.67,1
2026-07-16T00:23:09Z,2,DUT-A2,6.9586,141.6,1
2026-07-16T00:23:09Z,3,DUT-A3,6.5045,146.03,1
2026-07-16T00:23:09Z,4,DUT-A4,6.5032,180.28,1
2026-07-16T00:23:09Z,5,DUT-A5,6.9578,138.98,1
2026-07-16T00:23:09Z,6,DUT-A6,6.9989,146.82,1
2026-07-16T00:23:09Z,7,DUT-A7,7.0061,105.41,1
2026-07-16T00:23:09Z,8,DUT-A8,7.0052,133.08,1
2026-07-16T00:23:23Z,1,DUT-A1,6.9569,921.66,1
2026-07-16T00:23:23Z,2,DUT-A2,6.9585,124.33,1
2026-07-16T00:23:23Z,3,DUT-A3,6.5044,152.56,1
2026-07-16T00:23:23Z,4,DUT-A4,6.5033,172.73,1
2026-07-16T00:23:23Z,5,DUT-A5,6.9579,153.05,1
2026-07-16T00:23:23Z,6,DUT-A6,6.9989,165.86,1
2026-07-16T00:23:23Z,7,DUT-A7,7.0061,136.29,1
2026-07-16T00:23:23Z,8,DUT-A8,7.0051,137.63,1
2026-07-16T00:23:37Z,1,DUT-A1,6.9579,209.94,1
2026-07-16T00:23:37Z,2,DUT-A2,6.9585,154.11,1
2026-07-16T00:23:37Z,3,DUT-A3,6.5045,154.34,1
2026-07-16T00:23:37Z,4,DUT-A4,6.5034,179.6,1
2026-07-16T00:23:37Z,5,DUT-A5,6.9575,163.58,1
2026-07-16T00:23:37Z,6,DUT-A6,6.9988,470.15,1
2026-07-16T00:23:37Z,7,DUT-A7,7.0061,142.47,1
2026-07-16T00:23:37Z,8,DUT-A8,7.0044,877.46,1
2026-07-16T00:23:51Z,1,DUT-A1,6.9579,170.11,1
2026-07-16T00:23:51Z,2,DUT-A2,6.9587,113.81,1
2026-07-16T00:23:51Z,3,DUT-A3,6.5045,143.69,1
2026-07-16T00:23:51Z,4,DUT-A4,6.5033,169.02,1
2026-07-16T00:23:51Z,5,DUT-A5,6.9578,195.31,1
2026-07-16T00:23:51Z,6,DUT-A6,6.999,122.76,1
2026-07-16T00:23:51Z,7,DUT-A7,7.0062,122.78,1
2026-07-16T00:23:51Z,8,DUT-A8,7.0052,138.37,1
2026-07-16T00:24:05Z,1,DUT-A1,6.9573,503.46,1
2026-07-16T00:24:05Z,2,DUT-A2,6.9585,137.07,1
2026-07-16T00:24:05Z,3,DUT-A3,6.5044,126.7,1
2026-07-16T00:24:05Z,4,DUT-A4,6.5033,180.03,1
2026-07-16T00:24:05Z,5,DUT-A5,6.9578,170.52,1
2026-07-16T00:24:05Z,6,DUT-A6,6.999,115.28,1
2026-07-16T00:24:05Z,7,DUT-A7,7.0062,147.15,1
2026-07-16T00:24:05Z,8,DUT-A8,7.0054,129.83,1
2026-07-16T00:24:19Z,1,DUT-A1,6.9578,200.27,1
2026-07-16T00:24:19Z,2,DUT-A2,6.9586,132.22,1
2026-07-16T00:24:19Z,3,DUT-A3,6.5045,133.44,1
2026-07-16T00:24:19Z,4,DUT-A4,6.5033,146.99,1
2026-07-16T00:24:19Z,5,DUT-A5,6.9581,177.26,1
2026-07-16T00:24:19Z,6,DUT-A6,6.9989,132.22,1
2026-07-16T00:24:19Z,7,DUT-A7,7.0063,144.91,1
2026-07-16T00:24:19Z,8,DUT-A8,7.0051,99.56,1
2026-07-16T00:24:34Z,1,DUT-A1,6.958,166.58,1
2026-07-16T00:24:34Z,2,DUT-A2,6.9575,833.79,1
2026-07-16T00:24:34Z,3,DUT-A3,6.504,886.46,1
2026-07-16T00:24:34Z,4,DUT-A4,6.5029,922.8,1
2026-07-16T00:24:34Z,5,DUT-A5,6.9577,353.04,1
2026-07-16T00:24:34Z,6,DUT-A6,6.9991,142.62,1
2026-07-16T00:24:34Z,7,DUT-A7,7.0063,148.62,1
2026-07-16T00:24:34Z,8,DUT-A8,7.0052,130.39,1
2026-07-16T00:24:48Z,1,DUT-A1,6.9578,166.5,1
2026-07-16T00:24:48Z,2,DUT-A2,6.9585,144.86,1
2026-07-16T00:24:48Z,3,DUT-A3,6.5047,125.48,1
2026-07-16T00:24:48Z,4,DUT-A4,6.5032,188.07,1
2026-07-16T00:24:48Z,5,DUT-A5,6.9583,169.25,1
2026-07-16T00:24:48Z,6,DUT-A6,6.9991,143.99,1
2026-07-16T00:24:48Z,7,DUT-A7,7.0062,119.91,1
2026-07-16T00:24:48Z,8,DUT-A8,7.0051,126.29,1
2026-07-16T00:25:02Z,1,DUT-A1,6.958,210.27,1
2026-07-16T00:25:02Z,2,DUT-A2,6.9585,109.97,1
2026-07-16T00:25:02Z,3,DUT-A3,6.504,486.4,1
2026-07-16T00:25:02Z,4,DUT-A4,6.5034,180.92,1
2026-07-16T00:25:02Z,5,DUT-A5,6.9582,180.51,1
2026-07-16T00:25:02Z,6,DUT-A6,6.9988,149.54,1
2026-07-16T00:25:02Z,7,DUT-A7,7.0055,888.77,1
2026-07-16T00:25:02Z,8,DUT-A8,7.0051,138.58,1
2026-07-16T00:25:15Z,1,DUT-A1,6.9577,205.79,1
2026-07-16T00:25:15Z,2,DUT-A2,6.9581,132.55,1
2026-07-16T00:25:15Z,3,DUT-A3,6.5044,180.79,1
2026-07-16T00:25:15Z,4,DUT-A4,6.503,179.83,1
2026-07-16T00:25:15Z,5,DUT-A5,6.9571,1099.9,1
2026-07-16T00:25:15Z,6,DUT-A6,6.9978,1402.72,1
2026-07-16T00:25:15Z,7,DUT-A7,7.0063,144.76,1
2026-07-16T00:25:15Z,8,DUT-A8,7.0045,1100.52,1
2026-07-16T00:25:30Z,1,DUT-A1,6.9567,813.09,1
2026-07-16T00:25:30Z,2,DUT-A2,6.9583,121.44,1
2026-07-16T00:25:30Z,3,DUT-A3,6.5046,161.9,1
2026-07-16T00:25:30Z,4,DUT-A4,6.5032,155.51,1
2026-07-16T00:25:30Z,5,DUT-A5,6.9578,187.58,1
2026-07-16T00:25:30Z,6,DUT-A6,6.9989,151.78,1
2026-07-16T00:25:30Z,7,DUT-A7,7.0062,144.09,1
2026-07-16T00:25:30Z,8,DUT-A8,7.0049,293.02,1
2026-07-16T00:25:43Z,1,DUT-A1,6.9557,1328.23,1
2026-07-16T00:25:43Z,2,DUT-A2,6.958,615.06,1
2026-07-16T00:25:43Z,3,DUT-A3,6.5045,155.59,1
2026-07-16T00:25:43Z,4,DUT-A4,6.5031,163.27,1
2026-07-16T00:25:43Z,5,DUT-A5,6.958,158.11,1
2026-07-16T00:25:43Z,6,DUT-A6,6.9988,130.01,1
2026-07-16T00:25:43Z,7,DUT-A7,7.0061,160.7,1
2026-07-16T00:25:43Z,8,DUT-A8,7.0051,140.2,1
2026-07-16T00:25:57Z,1,DUT-A1,6.9577,178.3,1
2026-07-16T00:25:57Z,2,DUT-A2,6.9584,139.14,1
2026-07-16T00:25:57Z,3,DUT-A3,6.5043,126.37,1
2026-07-16T00:25:57Z,4,DUT-A4,6.5032,337.4,1
2026-07-16T00:25:57Z,5,DUT-A5,6.9579,174.05,1
2026-07-16T00:25:57Z,6,DUT-A6,6.9988,152.59,1
2026-07-16T00:25:57Z,7,DUT-A7,7.0056,716.93,1
2026-07-16T00:25:57Z,8,DUT-A8,7.0044,829.95,1
2026-07-16T00:26:11Z,1,DUT-A1,6.9575,173.26,1
2026-07-16T00:26:11Z,2,DUT-A2,6.9585,154.85,1
2026-07-16T00:26:11Z,3,DUT-A3,6.5046,140.36,1
2026-07-16T00:26:11Z,4,DUT-A4,6.5031,177.33,1
2026-07-16T00:26:11Z,5,DUT-A5,6.9581,213.47,1
2026-07-16T00:26:11Z,6,DUT-A6,6.999,105.01,1
2026-07-16T00:26:11Z,7,DUT-A7,7.0061,139.52,1
2026-07-16T00:26:11Z,8,DUT-A8,7.0051,136.03,1
2026-07-16T00:26:25Z,1,DUT-A1,6.957,291.55,1
2026-07-16T00:26:25Z,2,DUT-A2,6.9586,116.3,1
2026-07-16T00:26:25Z,3,DUT-A3,6.5044,166.45,1
2026-07-16T00:26:25Z,4,DUT-A4,6.5032,185.65,1
2026-07-16T00:26:25Z,5,DUT-A5,6.9582,192.67,1
2026-07-16T00:26:25Z,6,DUT-A6,6.9988,125.07,1
2026-07-16T00:26:25Z,7,DUT-A7,7.006,127.56,1
2026-07-16T00:26:25Z,8,DUT-A8,7.0052,126.45,1
2026-07-16T00:26:39Z,1,DUT-A1,6.957,782.62,1
2026-07-16T00:26:39Z,2,DUT-A2,6.9585,178.76,1
2026-07-16T00:26:39Z,3,DUT-A3,6.5043,140.13,1
2026-07-16T00:26:39Z,4,DUT-A4,6.5033,176.98,1
2026-07-16T00:26:39Z,5,DUT-A5,6.9584,163.47,1
2026-07-16T00:26:39Z,6,DUT-A6,6.9985,730.49,1
2026-07-16T00:26:39Z,7,DUT-A7,7.0061,150.3,1
2026-07-16T00:26:39Z,8,DUT-A8,7.0051,137.41,1
2026-07-16T00:26:53Z,1,DUT-A1,6.9578,188.5,1
2026-07-16T00:26:53Z,2,DUT-A2,6.9572,753.68,1
2026-07-16T00:26:53Z,3,DUT-A3,6.504,809.45,1
2026-07-16T00:26:53Z,4,DUT-A4,6.503,936.89,1
2026-07-16T00:26:53Z,5,DUT-A5,6.9584,164.72,1
2026-07-16T00:26:53Z,6,DUT-A6,6.999,142.7,1
2026-07-16T00:26:53Z,7,DUT-A7,7.0061,122.99,1
2026-07-16T00:26:53Z,8,DUT-A8,7.0052,131.66,1
2026-07-16T00:27:07Z,1,DUT-A1,6.9577,172.55,1
2026-07-16T00:27:07Z,2,DUT-A2,6.9584,166.4,1
2026-07-16T00:27:07Z,3,DUT-A3,6.5045,182.62,1
2026-07-16T00:27:07Z,4,DUT-A4,6.5034,146.54,1
2026-07-16T00:27:07Z,5,DUT-A5,6.9585,156.4,1
2026-07-16T00:27:07Z,6,DUT-A6,6.999,150.35,1
2026-07-16T00:27:07Z,7,DUT-A7,7.0062,119.48,1
2026-07-16T00:27:07Z,8,DUT-A8,7.005,124.87,1
2026-07-16T00:27:21Z,1,DUT-A1,6.9579,183.51,1
2026-07-16T00:27:21Z,2,DUT-A2,6.9585,175.02,1
2026-07-16T00:27:21Z,3,DUT-A3,6.5044,155.08,1
2026-07-16T00:27:21Z,4,DUT-A4,6.5033,171.59,1
2026-07-16T00:27:21Z,5,DUT-A5,6.9586,181.28,1
2026-07-16T00:27:21Z,6,DUT-A6,6.9989,129.6,1
2026-07-16T00:27:21Z,7,DUT-A7,7.0054,753.51,1
2026-07-16T00:27:21Z,8,DUT-A8,7.005,149.13,1
2026-07-16T00:27:35Z,1,DUT-A1,6.9579,153.48,1
2026-07-16T00:27:35Z,2,DUT-A2,6.9583,137.3,1
2026-07-16T00:27:35Z,3,DUT-A3,6.5044,156.07,1
2026-07-16T00:27:35Z,4,DUT-A4,6.5032,385.92,1
2026-07-16T00:27:35Z,5,DUT-A5,6.9587,202.54,1
2026-07-16T00:27:35Z,6,DUT-A6,6.9987,480.83,1
2026-07-16T00:27:35Z,7,DUT-A7,7.0062,134.46,1
2026-07-16T00:27:35Z,8,DUT-A8,7.0051,127.23,1
2026-07-16T00:27:49Z,1,DUT-A1,6.9578,163.68,1
2026-07-16T00:27:49Z,2,DUT-A2,6.9586,147.53,1
2026-07-16T00:27:49Z,3,DUT-A3,6.5044,128.51,1
2026-07-16T00:27:49Z,4,DUT-A4,6.503,173.04,1
2026-07-16T00:27:49Z,5,DUT-A5,6.9589,194.24,1
2026-07-16T00:27:49Z,6,DUT-A6,6.999,131.0,1
2026-07-16T00:27:49Z,7,DUT-A7,7.0062,141.98,1
2026-07-16T00:27:49Z,8,DUT-A8,7.0052,139.8,1
2026-07-16T00:28:06Z,1,DUT-A1,6.9578,209.53,1
2026-07-16T00:28:06Z,2,DUT-A2,6.9586,162.38,1
2026-07-16T00:28:06Z,3,DUT-A3,6.5045,154.7,1
2026-07-16T00:28:06Z,4,DUT-A4,6.5034,164.77,1
2026-07-16T00:28:06Z,5,DUT-A5,6.9577,1304.53,1
2026-07-16T00:28:06Z,6,DUT-A6,6.9989,185.78,1
2026-07-16T00:28:06Z,7,DUT-A7,7.0062,134.66,1
2026-07-16T00:28:06Z,8,DUT-A8,7.0051,104.19,1
2026-07-16T00:28:20Z,1,DUT-A1,6.9579,183.11,1
2026-07-16T00:28:20Z,2,DUT-A2,6.9584,147.04,1
2026-07-16T00:28:20Z,3,DUT-A3,6.5045,150.02,1
2026-07-16T00:28:20Z,4,DUT-A4,6.5032,177.23,1
2026-07-16T00:28:20Z,5,DUT-A5,6.9587,177.61,1
2026-07-16T00:28:20Z,6,DUT-A6,6.9989,121.56,1
2026-07-16T00:28:20Z,7,DUT-A7,7.0063,153.81,1
2026-07-16T00:28:20Z,8,DUT-A8,7.0053,125.1,1
2026-07-16T00:28:34Z,1,DUT-A1,6.958,189.54,1
2026-07-16T00:28:34Z,2,DUT-A2,6.9573,860.24,1
2026-07-16T00:28:34Z,3,DUT-A3,6.5026,3574.96,1
2026-07-16T00:28:34Z,4,DUT-A4,6.5029,928.07,1
2026-07-16T00:28:34Z,5,DUT-A5,6.9586,557.53,1
2026-07-16T00:28:34Z,6,DUT-A6,6.999,132.78,1
2026-07-16T00:28:34Z,7,DUT-A7,7.0061,143.59,1
2026-07-16T00:28:34Z,8,DUT-A8,7.0052,134.81,1
2026-07-16T00:28:48Z,1,DUT-A1,6.9577,183.67,1
2026-07-16T00:28:48Z,2,DUT-A2,6.9586,141.14,1
2026-07-16T00:28:48Z,3,DUT-A3,6.5045,148.52,1
2026-07-16T00:28:48Z,4,DUT-A4,6.5036,180.0,1
2026-07-16T00:28:48Z,5,DUT-A5,6.9549,2305.04,1
2026-07-16T00:28:48Z,6,DUT-A6,6.999,126.62,1
2026-07-16T00:28:48Z,7,DUT-A7,7.0061,158.72,1
2026-07-16T00:28:48Z,8,DUT-A8,7.0052,135.78,1
2026-07-16T00:29:02Z,1,DUT-A1,6.9579,186.16,1
2026-07-16T00:29:02Z,2,DUT-A2,6.9585,143.89,1
2026-07-16T00:29:02Z,3,DUT-A3,6.5043,414.96,1
2026-07-16T00:29:02Z,4,DUT-A4,6.5033,169.73,1
2026-07-16T00:29:02Z,5,DUT-A5,6.9573,207.16,1
2026-07-16T00:29:02Z,6,DUT-A6,6.999,126.45,1
2026-07-16T00:29:02Z,7,DUT-A7,7.0055,804.93,1
2026-07-16T00:29:02Z,8,DUT-A8,7.0051,169.14,1
2026-07-16T00:29:15Z,1,DUT-A1,6.958,181.99,1
2026-07-16T00:29:15Z,2,DUT-A2,6.9584,134.13,1
2026-07-16T00:29:15Z,3,DUT-A3,6.5044,116.81,1
2026-07-16T00:29:15Z,4,DUT-A4,6.5032,165.53,1
2026-07-16T00:29:15Z,5,DUT-A5,6.9567,908.18,1
2026-07-16T00:29:15Z,6,DUT-A6,6.9985,821.84,1
2026-07-16T00:29:15Z,7,DUT-A7,7.0062,129.55,1
2026-07-16T00:29:15Z,8,DUT-A8,7.0047,599.98,1
2026-07-16T00:29:29Z,1,DUT-A1,6.958,191.12,1
2026-07-16T00:29:29Z,2,DUT-A2,6.9586,140.48,1
2026-07-16T00:29:29Z,3,DUT-A3,6.5044,124.18,1
2026-07-16T00:29:29Z,4,DUT-A4,6.5033,194.04,1
2026-07-16T00:29:29Z,5,DUT-A5,6.9552,2434.46,1
2026-07-16T00:29:29Z,6,DUT-A6,6.999,143.18,1
2026-07-16T00:29:29Z,7,DUT-A7,7.0061,145.37,1
2026-07-16T00:29:29Z,8,DUT-A8,7.0049,773.77,1
2026-07-16T00:29:44Z,1,DUT-A1,6.9569,867.74,1
2026-07-16T00:29:44Z,2,DUT-A2,6.9577,911.51,1
2026-07-16T00:29:44Z,3,DUT-A3,6.5045,111.92,1
2026-07-16T00:29:44Z,4,DUT-A4,6.5034,191.12,1
2026-07-16T00:29:44Z,5,DUT-A5,6.9575,183.54,1
2026-07-16T00:29:44Z,6,DUT-A6,6.9989,129.67,1
2026-07-16T00:29:44Z,7,DUT-A7,7.0062,148.7,1
2026-07-16T00:29:44Z,8,DUT-A8,7.0052,132.62,1
2026-07-16T00:29:58Z,1,DUT-A1,6.9579,190.91,1
2026-07-16T00:29:58Z,2,DUT-A2,6.9571,654.09,1
2026-07-16T00:29:58Z,3,DUT-A3,6.5044,149.84,1
2026-07-16T00:29:58Z,4,DUT-A4,6.5034,367.2,1
2026-07-16T00:29:58Z,5,DUT-A5,6.9545,3198.73,1
2026-07-16T00:29:58Z,6,DUT-A6,6.999,141.93,1
2026-07-16T00:29:58Z,7,DUT-A7,7.006,521.14,1
2026-07-16T00:29:58Z,8,DUT-A8,7.0051,143.13,1
2026-07-16T00:30:12Z,1,DUT-A1,6.9581,178.83,1
2026-07-16T00:30:12Z,2,DUT-A2,6.9585,128.63,1
2026-07-16T00:30:12Z,3,DUT-A3,6.5044,144.32,1
2026-07-16T00:30:12Z,4,DUT-A4,6.5033,165.28,1
2026-07-16T00:30:12Z,5,DUT-A5,6.9563,195.16,1
2026-07-16T00:30:12Z,6,DUT-A6,6.9989,133.79,1
2026-07-16T00:30:12Z,7,DUT-A7,7.0064,115.84,1
2026-07-16T00:30:12Z,8,DUT-A8,7.005,176.01,1
2026-07-16T00:30:26Z,1,DUT-A1,6.9577,158.57,1
2026-07-16T00:30:26Z,2,DUT-A2,6.9584,148.77,1
2026-07-16T00:30:26Z,3,DUT-A3,6.5045,139.01,1
2026-07-16T00:30:26Z,4,DUT-A4,6.5033,193.94,1
2026-07-16T00:30:26Z,5,DUT-A5,6.9553,259.27,1
2026-07-16T00:30:26Z,6,DUT-A6,6.9987,174.92,1
2026-07-16T00:30:26Z,7,DUT-A7,7.0062,144.78,1
2026-07-16T00:30:26Z,8,DUT-A8,7.005,120.54,1
2026-07-16T00:30:40Z,1,DUT-A1,6.9575,354.28,1
2026-07-16T00:30:40Z,2,DUT-A2,6.9584,139.11,1
2026-07-16T00:30:40Z,3,DUT-A3,6.5044,169.98,1
2026-07-16T00:30:40Z,4,DUT-A4,6.5033,175.78,1
2026-07-16T00:30:40Z,5,DUT-A5,6.9554,234.76,1
2026-07-16T00:30:40Z,6,DUT-A6,6.9986,119.02,1
2026-07-16T00:30:40Z,7,DUT-A7,7.0059,680.82,1
2026-07-16T00:30:40Z,8,DUT-A8,7.005,154.5,1
2026-07-16T00:30:54Z,1,DUT-A1,6.9575,188.37,1
2026-07-16T00:30:54Z,2,DUT-A2,6.9571,864.74,1
2026-07-16T00:30:54Z,3,DUT-A3,6.5042,853.91,1
2026-07-16T00:30:54Z,4,DUT-A4,6.5031,922.5,1
2026-07-16T00:30:54Z,5,DUT-A5,6.9555,299.15,1
2026-07-16T00:30:54Z,6,DUT-A6,6.9987,143.13,1
2026-07-16T00:30:54Z,7,DUT-A7,7.0061,134.69,1
2026-07-16T00:30:54Z,8,DUT-A8,7.0053,155.44,1
2026-07-16T00:31:08Z,1,DUT-A1,6.9577,184.58,1
2026-07-16T00:31:08Z,2,DUT-A2,6.9585,129.06,1
2026-07-16T00:31:08Z,3,DUT-A3,6.5044,135.22,1
2026-07-16T00:31:08Z,4,DUT-A4,6.5031,183.84,1
2026-07-16T00:31:08Z,5,DUT-A5,6.9556,329.34,1
2026-07-16T00:31:08Z,6,DUT-A6,6.9984,269.7,1
2026-07-16T00:31:08Z,7,DUT-A7,7.0061,130.34,1
2026-07-16T00:31:08Z,8,DUT-A8,7.0051,143.43,1
2026-07-16T00:31:22Z,1,DUT-A1,6.9577,167.52,1
2026-07-16T00:31:22Z,2,DUT-A2,6.9584,134.84,1
2026-07-16T00:31:22Z,3,DUT-A3,6.5045,137.86,1
2026-07-16T00:31:22Z,4,DUT-A4,6.5032,171.53,1
2026-07-16T00:31:22Z,5,DUT-A5,6.9557,292.59,1
2026-07-16T00:31:22Z,6,DUT-A6,6.9986,131.05,1
2026-07-16T00:31:22Z,7,DUT-A7,7.0054,836.64,1
2026-07-16T00:31:22Z,8,DUT-A8,7.0049,132.19,1
2026-07-16T00:31:36Z,1,DUT-A1,6.9576,211.26,1
2026-07-16T00:31:36Z,2,DUT-A2,6.9583,157.93,1
2026-07-16T00:31:36Z,3,DUT-A3,6.5045,131.0,1
2026-07-16T00:31:36Z,4,DUT-A4,6.5032,194.98,1
2026-07-16T00:31:36Z,5,DUT-A5,6.9551,1064.28,1
2026-07-16T00:31:36Z,6,DUT-A6,6.9982,768.64,1
2026-07-16T00:31:36Z,7,DUT-A7,7.0062,143.43,1
2026-07-16T00:31:36Z,8,DUT-A8,7.0045,892.08,1
2026-07-16T00:31:50Z,1,DUT-A1,6.9578,158.62,1
2026-07-16T00:31:50Z,2,DUT-A2,6.9586,124.46,1
2026-07-16T00:31:50Z,3,DUT-A3,6.5045,145.62,1
2026-07-16T00:31:50Z,4,DUT-A4,6.503,160.5,1
2026-07-16T00:31:50Z,5,DUT-A5,6.9556,402.3,1
2026-07-16T00:31:50Z,6,DUT-A6,6.9988,121.56,1
2026-07-16T00:31:50Z,7,DUT-A7,7.0062,116.63,1
2026-07-16T00:31:50Z,8,DUT-A8,7.0051,127.39,1
2026-07-16T00:32:04Z,1,DUT-A1,6.9568,950.39,1
2026-07-16T00:32:04Z,2,DUT-A2,6.9584,122.94,1
2026-07-16T00:32:04Z,3,DUT-A3,6.5043,367.23,1
2026-07-16T00:32:04Z,4,DUT-A4,6.5032,169.73,1
2026-07-16T00:32:04Z,5,DUT-A5,6.9554,594.81,1
2026-07-16T00:32:04Z,6,DUT-A6,6.9988,152.26,1
2026-07-16T00:32:04Z,7,DUT-A7,7.0061,133.72,1
2026-07-16T00:32:04Z,8,DUT-A8,7.0051,108.92,1
2026-07-16T00:32:17Z,1,DUT-A1,6.9577,209.55,1
2026-07-16T00:32:17Z,2,DUT-A2,6.9586,145.49,1
2026-07-16T00:32:17Z,3,DUT-A3,6.5043,136.69,1
2026-07-16T00:32:17Z,4,DUT-A4,6.5032,187.3,1
2026-07-16T00:32:17Z,5,DUT-A5,6.9555,383.84,1
2026-07-16T00:32:17Z,6,DUT-A6,6.9987,128.35,1
2026-07-16T00:32:17Z,7,DUT-A7,7.0062,117.9,1
2026-07-16T00:32:17Z,8,DUT-A8,7.0048,544.03,1
2026-07-16T00:32:31Z,1,DUT-A1,6.9579,161.69,1
2026-07-16T00:32:31Z,2,DUT-A2,6.9586,136.67,1
2026-07-16T00:32:31Z,3,DUT-A3,6.5044,151.47,1
2026-07-16T00:32:31Z,4,DUT-A4,6.5032,197.68,1
2026-07-16T00:32:31Z,5,DUT-A5,6.956,245.57,1
2026-07-16T00:32:31Z,6,DUT-A6,6.9987,112.71,1
2026-07-16T00:32:31Z,7,DUT-A7,7.0063,123.11,1
2026-07-16T00:32:31Z,8,DUT-A8,7.0051,169.09,1
2026-07-16T00:32:45Z,1,DUT-A1,6.9577,178.6,1
2026-07-16T00:32:45Z,2,DUT-A2,6.9586,136.8,1
2026-07-16T00:32:45Z,3,DUT-A3,6.5045,147.65,1
2026-07-16T00:32:45Z,4,DUT-A4,6.5032,178.43,1
2026-07-16T00:32:45Z,5,DUT-A5,6.9559,213.42,1
2026-07-16T00:32:45Z,6,DUT-A6,6.9988,113.04,1
2026-07-16T00:32:45Z,7,DUT-A7,7.0063,138.81,1
2026-07-16T00:32:45Z,8,DUT-A8,7.0052,132.01,1
2026-07-16T00:32:59Z,1,DUT-A1,6.9577,210.44,1
2026-07-16T00:32:59Z,2,DUT-A2,6.9586,136.06,1
2026-07-16T00:32:59Z,3,DUT-A3,6.5046,160.98,1
2026-07-16T00:32:59Z,4,DUT-A4,6.5032,204.9,1
2026-07-16T00:32:59Z,5,DUT-A5,6.9559,223.29,1
2026-07-16T00:32:59Z,6,DUT-A6,6.9988,143.23,1
2026-07-16T00:32:59Z,7,DUT-A7,7.0059,435.41,1
2026-07-16T00:32:59Z,8,DUT-A8,7.0047,565.21,1
2026-07-16T00:33:16Z,1,DUT-A1,6.9579,172.32,1
2026-07-16T00:33:16Z,2,DUT-A2,6.9584,117.11,1
2026-07-16T00:33:16Z,3,DUT-A3,6.5044,137.1,1
2026-07-16T00:33:16Z,4,DUT-A4,6.5032,155.26,1
2026-07-16T00:33:16Z,5,DUT-A5,6.9556,989.13,1
2026-07-16T00:33:16Z,6,DUT-A6,6.9983,783.64,1
2026-07-16T00:33:16Z,7,DUT-A7,7.0063,169.81,1
2026-07-16T00:33:16Z,8,DUT-A8,7.0045,876.24,1
2026-07-16T00:33:30Z,1,DUT-A1,6.9578,177.15,1
2026-07-16T00:33:30Z,2,DUT-A2,6.9587,121.26,1
2026-07-16T00:33:30Z,3,DUT-A3,6.5044,153.91,1
2026-07-16T00:33:30Z,4,DUT-A4,6.5032,161.03,1
2026-07-16T00:33:30Z,5,DUT-A5,6.9561,180.23,1
2026-07-16T00:33:30Z,6,DUT-A6,6.9988,126.01,1
2026-07-16T00:33:30Z,7,DUT-A7,7.0062,131.58,1
2026-07-16T00:33:30Z,8,DUT-A8,7.005,287.81,1
2026-07-16T00:33:44Z,1,DUT-A1,6.9568,951.56,1
2026-07-16T00:33:44Z,2,DUT-A2,6.958,491.26,1
2026-07-16T00:33:44Z,3,DUT-A3,6.5045,135.27,1
2026-07-16T00:33:44Z,4,DUT-A4,6.5032,199.66,1
2026-07-16T00:33:44Z,5,DUT-A5,6.9563,260.29,1
2026-07-16T00:33:44Z,6,DUT-A6,6.9988,111.21,1
2026-07-16T00:33:44Z,7,DUT-A7,7.0063,156.68,1
2026-07-16T00:33:44Z,8,DUT-A8,7.005,124.69,1
2026-07-16T00:33:58Z,1,DUT-A1,6.9578,194.37,1
2026-07-16T00:33:58Z,2,DUT-A2,6.9584,176.44,1
2026-07-16T00:33:58Z,3,DUT-A3,6.5045,175.48,1
2026-07-16T00:33:58Z,4,DUT-A4,6.503,701.47,1
2026-07-16T00:33:58Z,5,DUT-A5,6.9562,209.73,1
2026-07-16T00:33:58Z,6,DUT-A6,6.9988,103.4,1
2026-07-16T00:33:58Z,7,DUT-A7,7.0061,356.19,1
2026-07-16T00:33:58Z,8,DUT-A8,7.0053,124.31,1
2026-07-16T00:34:12Z,1,DUT-A1,6.958,192.52,1
2026-07-16T00:34:12Z,2,DUT-A2,6.9586,288.62,1
2026-07-16T00:34:12Z,3,DUT-A3,6.5044,255.43,1
2026-07-16T00:34:12Z,4,DUT-A4,6.5032,199.05,1
2026-07-16T00:34:12Z,5,DUT-A5,6.9564,241.04,1
2026-07-16T00:34:12Z,6,DUT-A6,6.9988,159.38,1
2026-07-16T00:34:12Z,7,DUT-A7,7.0062,104.78,1
2026-07-16T00:34:12Z,8,DUT-A8,7.0052,137.31,1
2026-07-16T00:34:26Z,1,DUT-A1,6.958,178.86,1
2026-07-16T00:34:26Z,2,DUT-A2,6.9588,139.69,1
2026-07-16T00:34:26Z,3,DUT-A3,6.5046,126.39,1
2026-07-16T00:34:26Z,4,DUT-A4,6.5031,140.0,1
2026-07-16T00:34:26Z,5,DUT-A5,6.9565,179.72,1
2026-07-16T00:34:26Z,6,DUT-A6,6.999,132.73,1
2026-07-16T00:34:26Z,7,DUT-A7,7.0064,139.77,1
2026-07-16T00:34:26Z,8,DUT-A8,7.0052,118.92,1
2026-07-16T00:34:40Z,1,DUT-A1,6.9572,457.66,1
2026-07-16T00:34:40Z,2,DUT-A2,6.9587,167.9,1
2026-07-16T00:34:40Z,3,DUT-A3,6.5047,123.83,1
2026-07-16T00:34:40Z,4,DUT-A4,6.5029,170.57,1
2026-07-16T00:34:40Z,5,DUT-A5,6.9565,196.03,1
2026-07-16T00:34:40Z,6,DUT-A6,6.9987,140.76,1
2026-07-16T00:34:40Z,7,DUT-A7,7.0063,342.54,1
2026-07-16T00:34:40Z,8,DUT-A8,7.0052,147.38,1
2026-07-16T00:34:54Z,1,DUT-A1,6.958,206.71,1
2026-07-16T00:34:54Z,2,DUT-A2,6.9558,1407.32,1
2026-07-16T00:34:54Z,3,DUT-A3,6.5042,880.97,1
2026-07-16T00:34:54Z,4,DUT-A4,6.5029,935.62,1
2026-07-16T00:34:54Z,5,DUT-A5,6.9568,210.62,1
2026-07-16T00:34:54Z,6,DUT-A6,6.9988,141.3,1
2026-07-16T00:34:54Z,7,DUT-A7,7.0064,125.2,1
2026-07-16T00:34:54Z,8,DUT-A8,7.0053,110.22,1
2026-07-16T00:35:08Z,1,DUT-A1,6.9571,829.09,1
2026-07-16T00:35:08Z,2,DUT-A2,6.9585,130.41,1
2026-07-16T00:35:08Z,3,DUT-A3,6.5044,140.28,1
2026-07-16T00:35:08Z,4,DUT-A4,6.5033,179.37,1
2026-07-16T00:35:08Z,5,DUT-A5,6.9566,192.64,1
2026-07-16T00:35:08Z,6,DUT-A6,6.9983,997.98,1
2026-07-16T00:35:08Z,7,DUT-A7,7.0064,124.54,1
2026-07-16T00:35:08Z,8,DUT-A8,7.0052,141.07,1
2026-07-16T00:35:23Z,1,DUT-A1,6.958,173.39,1
2026-07-16T00:35:23Z,2,DUT-A2,6.9583,132.96,1
2026-07-16T00:35:23Z,3,DUT-A3,6.5044,126.83,1
2026-07-16T00:35:23Z,4,DUT-A4,6.5033,157.62,1
2026-07-16T00:35:23Z,5,DUT-A5,6.9566,223.34,1
2026-07-16T00:35:23Z,6,DUT-A6,6.9987,122.4,1
2026-07-16T00:35:23Z,7,DUT-A7,7.0063,145.9,1
2026-07-16T00:35:23Z,8,DUT-A8,7.005,118.36,1
2026-07-16T00:35:36Z,1,DUT-A1,6.9578,190.46,1
2026-07-16T00:35:36Z,2,DUT-A2,6.9584,130.92,1
2026-07-16T00:35:36Z,3,DUT-A3,6.5045,141.04,1
2026-07-16T00:35:36Z,4,DUT-A4,6.5031,181.66,1
2026-07-16T00:35:36Z,5,DUT-A5,6.9555,1244.3,1
2026-07-16T00:35:36Z,6,DUT-A6,6.9975,1019.67,1
2026-07-16T00:35:36Z,7,DUT-A7,7.0063,162.43,1
2026-07-16T00:35:36Z,8,DUT-A8,7.0042,1011.4,1
2026-07-16T00:35:51Z,1,DUT-A1,6.9577,244.47,1
2026-07-16T00:35:51Z,2,DUT-A2,6.9584,131.63,1
2026-07-16T00:35:51Z,3,DUT-A3,6.5046,171.41,1
2026-07-16T00:35:51Z,4,DUT-A4,6.5032,174.05,1
2026-07-16T00:35:51Z,5,DUT-A5,6.9567,225.91,1
2026-07-16T00:35:51Z,6,DUT-A6,6.9987,95.47,1
2026-07-16T00:35:51Z,7,DUT-A7,7.006,159.89,1
2026-07-16T00:35:51Z,8,DUT-A8,7.005,123.6,1
2026-07-16T00:36:04Z,1,DUT-A1,6.9565,850.88,1
2026-07-16T00:36:04Z,2,DUT-A2,6.9583,124.13,1
2026-07-16T00:36:04Z,3,DUT-A3,6.5045,158.64,1
2026-07-16T00:36:04Z,4,DUT-A4,6.5031,176.44,1
2026-07-16T00:36:04Z,5,DUT-A5,6.9566,228.98,1
2026-07-16T00:36:04Z,6,DUT-A6,6.9988,102.67,1
2026-07-16T00:36:04Z,7,DUT-A7,7.0062,105.01,1
2026-07-16T00:36:04Z,8,DUT-A8,7.005,132.07,1
2026-07-16T00:36:18Z,1,DUT-A1,6.9577,174.18,1
2026-07-16T00:36:18Z,2,DUT-A2,6.9583,163.14,1
2026-07-16T00:36:18Z,3,DUT-A3,6.5045,145.49,1
2026-07-16T00:36:18Z,4,DUT-A4,6.5031,172.76,1
2026-07-16T00:36:18Z,5,DUT-A5,6.9568,231.04,1
2026-07-16T00:36:18Z,6,DUT-A6,6.9987,118.59,1
2026-07-16T00:36:18Z,7,DUT-A7,7.0062,124.66,1
2026-07-16T00:36:18Z,8,DUT-A8,7.005,141.32,1
2026-07-16T00:36:32Z,1,DUT-A1,6.9578,188.04,1
2026-07-16T00:36:32Z,2,DUT-A2,6.9575,664.98,1
2026-07-16T00:36:32Z,3,DUT-A3,6.5038,1271.01,1
2026-07-16T00:36:32Z,4,DUT-A4,6.503,166.45,1
2026-07-16T00:36:32Z,5,DUT-A5,6.9564,599.06,1
2026-07-16T00:36:32Z,6,DUT-A6,6.9986,187.73,1
2026-07-16T00:36:32Z,7,DUT-A7,7.0063,134.48,1
2026-07-16T00:36:32Z,8,DUT-A8,7.0051,112.69,1
2026-07-16T00:36:46Z,1,DUT-A1,6.9577,215.99,1
2026-07-16T00:36:46Z,2,DUT-A2,6.9584,144.5,1
2026-07-16T00:36:46Z,3,DUT-A3,6.5046,150.61,1
2026-07-16T00:36:46Z,4,DUT-A4,6.5031,188.55,1
2026-07-16T00:36:46Z,5,DUT-A5,6.956,192.26,1
2026-07-16T00:36:46Z,6,DUT-A6,6.9986,130.79,1
2026-07-16T00:36:46Z,7,DUT-A7,7.0062,141.58,1
2026-07-16T00:36:46Z,8,DUT-A8,7.0051,146.84,1
2026-07-16T00:37:00Z,1,DUT-A1,6.9578,172.96,1
2026-07-16T00:37:00Z,2,DUT-A2,6.9584,125.94,1
2026-07-16T00:37:00Z,3,DUT-A3,6.5044,153.96,1
2026-07-16T00:37:00Z,4,DUT-A4,6.5031,128.43,1
2026-07-16T00:37:00Z,5,DUT-A5,6.9563,206.12,1
2026-07-16T00:37:00Z,6,DUT-A6,6.9987,135.07,1
2026-07-16T00:37:00Z,7,DUT-A7,7.0058,693.23,1
2026-07-16T00:37:00Z,8,DUT-A8,7.0044,684.03,1
2026-07-16T00:37:14Z,1,DUT-A1,6.9577,198.92,1
2026-07-16T00:37:14Z,2,DUT-A2,6.9567,1322.89,1
2026-07-16T00:37:14Z,3,DUT-A3,6.5041,913.19,1
2026-07-16T00:37:14Z,4,DUT-A4,6.5029,903.22,1
2026-07-16T00:37:14Z,5,DUT-A5,6.9562,278.09,1
2026-07-16T00:37:14Z,6,DUT-A6,6.9988,102.16,1
2026-07-16T00:37:14Z,7,DUT-A7,7.0063,142.65,1
2026-07-16T00:37:14Z,8,DUT-A8,7.0052,178.73,1
2026-07-16T00:37:28Z,1,DUT-A1,6.9579,212.1,1
2026-07-16T00:37:28Z,2,DUT-A2,6.9584,152.21,1
2026-07-16T00:37:28Z,3,DUT-A3,6.5045,139.72,1
2026-07-16T00:37:28Z,4,DUT-A4,6.5027,911.87,1
2026-07-16T00:37:28Z,5,DUT-A5,6.9563,297.7,1
2026-07-16T00:37:28Z,6,DUT-A6,6.9987,147.86,1
2026-07-16T00:37:28Z,7,DUT-A7,7.0059,359.24,1
2026-07-16T00:37:28Z,8,DUT-A8,7.0052,135.02,1
2026-07-16T00:37:42Z,1,DUT-A1,6.9578,177.49,1
2026-07-16T00:37:42Z,2,DUT-A2,6.9585,146.61,1
2026-07-16T00:37:42Z,3,DUT-A3,6.5044,144.88,1
2026-07-16T00:37:42Z,4,DUT-A4,6.5034,148.49,1
2026-07-16T00:37:42Z,5,DUT-A5,6.9563,280.84,1
2026-07-16T00:37:42Z,6,DUT-A6,6.9986,124.64,1
2026-07-16T00:37:42Z,7,DUT-A7,7.0057,848.24,1
2026-07-16T00:37:42Z,8,DUT-A8,7.0052,128.05,1
2026-07-16T00:37:56Z,1,DUT-A1,6.9578,188.14,1
2026-07-16T00:37:56Z,2,DUT-A2,6.9584,145.82,1
2026-07-16T00:37:56Z,3,DUT-A3,6.5046,157.65,1
2026-07-16T00:37:56Z,4,DUT-A4,6.5032,153.78,1
2026-07-16T00:37:56Z,5,DUT-A5,6.9557,1040.83,1
2026-07-16T00:37:56Z,6,DUT-A6,6.9982,782.95,1
2026-07-16T00:37:56Z,7,DUT-A7,7.0063,141.04,1
2026-07-16T00:37:56Z,8,DUT-A8,7.0046,894.34,1
2026-07-16T00:38:10Z,1,DUT-A1,6.9573,784.12,1
2026-07-16T00:38:10Z,2,DUT-A2,6.9586,150.66,1
2026-07-16T00:38:10Z,3,DUT-A3,6.5046,152.11,1
2026-07-16T00:38:10Z,4,DUT-A4,6.5033,218.89,1
2026-07-16T00:38:10Z,5,DUT-A5,6.9563,297.52,1
2026-07-16T00:38:10Z,6,DUT-A6,6.9987,133.82,1
2026-07-16T00:38:10Z,7,DUT-A7,7.0063,140.76,1
2026-07-16T00:38:10Z,8,DUT-A8,7.0053,128.73,1
2026-07-16T00:38:27Z,1,DUT-A1,6.9577,174.76,1
2026-07-16T00:38:27Z,2,DUT-A2,6.9585,139.19,1
2026-07-16T00:38:27Z,3,DUT-A3,6.5045,143.33,1
2026-07-16T00:38:27Z,4,DUT-A4,6.5028,710.81,1
2026-07-16T00:38:27Z,5,DUT-A5,6.9564,287.81,1
2026-07-16T00:38:27Z,6,DUT-A6,6.9988,159.74,1
2026-07-16T00:38:27Z,7,DUT-A7,7.0064,160.34,1
2026-07-16T00:38:27Z,8,DUT-A8,7.0051,124.82,1
2026-07-16T00:38:41Z,1,DUT-A1,6.9579,163.78,1
2026-07-16T00:38:41Z,2,DUT-A2,6.9585,133.72,1
2026-07-16T00:38:41Z,3,DUT-A3,6.5044,153.43,1
2026-07-16T00:38:41Z,4,DUT-A4,6.5031,170.65,1
2026-07-16T00:38:41Z,5,DUT-A5,6.9562,278.88,1
2026-07-16T00:38:41Z,6,DUT-A6,6.9989,108.82,1
2026-07-16T00:38:41Z,7,DUT-A7,7.0058,843.12,1
2026-07-16T00:38:41Z,8,DUT-A8,7.0051,129.34,1
2026-07-16T00:38:55Z,1,DUT-A1,6.958,188.73,1
2026-07-16T00:38:55Z,2,DUT-A2,6.9585,171.84,1
2026-07-16T00:38:55Z,3,DUT-A3,6.5045,145.34,1
2026-07-16T00:38:55Z,4,DUT-A4,6.5032,285.47,1
2026-07-16T00:38:55Z,5,DUT-A5,6.9563,501.89,1
2026-07-16T00:38:55Z,6,DUT-A6,6.9984,570.48,1
2026-07-16T00:38:55Z,7,DUT-A7,7.0064,142.92,1
2026-07-16T00:38:55Z,8,DUT-A8,7.0052,139.75,1
2026-07-16T00:39:09Z,1,DUT-A1,6.9572,787.13,1
2026-07-16T00:39:09Z,2,DUT-A2,6.9586,160.55,1
2026-07-16T00:39:09Z,3,DUT-A3,6.5045,145.77,1
2026-07-16T00:39:09Z,4,DUT-A4,6.5031,170.16,1
2026-07-16T00:39:09Z,5,DUT-A5,6.9564,292.0,1
2026-07-16T00:39:09Z,6,DUT-A6,6.9985,334.7,1
2026-07-16T00:39:09Z,7,DUT-A7,7.0062,128.3,1
2026-07-16T00:39:09Z,8,DUT-A8,7.0052,126.29,1
2026-07-16T00:39:23Z,1,DUT-A1,6.9581,156.07,1
2026-07-16T00:39:23Z,2,DUT-A2,6.9585,159.91,1
2026-07-16T00:39:23Z,3,DUT-A3,6.5045,139.03,1
2026-07-16T00:39:23Z,4,DUT-A4,6.5031,182.83,1
2026-07-16T00:39:23Z,5,DUT-A5,6.9564,283.31,1
2026-07-16T00:39:23Z,6,DUT-A6,6.9988,118.64,1
2026-07-16T00:39:23Z,7,DUT-A7,7.0062,122.43,1
2026-07-16T00:39:23Z,8,DUT-A8,7.0053,140.05,1
2026-07-16T00:39:37Z,1,DUT-A1,6.9579,202.54,1
2026-07-16T00:39:37Z,2,DUT-A2,6.9585,152.0,1
2026-07-16T00:39:37Z,3,DUT-A3,6.5045,142.16,1
2026-07-16T00:39:37Z,4,DUT-A4,6.503,188.12,1
2026-07-16T00:39:37Z,5,DUT-A5,6.9557,1074.88,1
2026-07-16T00:39:37Z,6,DUT-A6,6.9981,738.3,1
2026-07-16T00:39:37Z,7,DUT-A7,7.0064,119.02,1
2026-07-16T00:39:37Z,8,DUT-A8,7.0047,895.56,1
2026-07-16T00:39:51Z,1,DUT-A1,6.9579,191.14,1
2026-07-16T00:39:51Z,2,DUT-A2,6.9585,119.86,1
2026-07-16T00:39:51Z,3,DUT-A3,6.5045,119.6,1
2026-07-16T00:39:51Z,4,DUT-A4,6.503,156.68,1
2026-07-16T00:39:51Z,5,DUT-A5,6.9563,391.44,1
2026-07-16T00:39:51Z,6,DUT-A6,6.9989,136.69,1
2026-07-16T00:39:51Z,7,DUT-A7,7.0064,147.63,1
2026-07-16T00:39:51Z,8,DUT-A8,7.0054,126.37,1
2026-07-16T00:40:05Z,1,DUT-A1,6.9569,953.83,1
2026-07-16T00:40:05Z,2,DUT-A2,6.9585,128.53,1
2026-07-16T00:40:05Z,3,DUT-A3,6.5045,128.96,1
2026-07-16T00:40:05Z,4,DUT-A4,6.5028,743.99,1
2026-07-16T00:40:05Z,5,DUT-A5,6.9561,339.25,1
2026-07-16T00:40:05Z,6,DUT-A6,6.9989,124.16,1
2026-07-16T00:40:05Z,7,DUT-A7,7.0062,143.43,1
2026-07-16T00:40:05Z,8,DUT-A8,7.005,136.19,1
2026-07-16T00:40:19Z,1,DUT-A1,6.9578,177.13,1
2026-07-16T00:40:19Z,2,DUT-A2,6.9583,142.49,1
2026-07-16T00:40:19Z,3,DUT-A3,6.5041,832.27,1
2026-07-16T00:40:19Z,4,DUT-A4,6.503,341.21,1
2026-07-16T00:40:19Z,5,DUT-A5,6.9561,366.85,1
2026-07-16T00:40:19Z,6,DUT-A6,6.9986,109.05,1
2026-07-16T00:40:19Z,7,DUT-A7,7.0064,106.1,1
2026-07-16T00:40:19Z,8,DUT-A8,7.0051,149.64,1
2026-07-16T00:40:33Z,1,DUT-A1,6.9577,177.87,1
2026-07-16T00:40:33Z,2,DUT-A2,6.9571,880.89,1
2026-07-16T00:40:33Z,3,DUT-A3,6.5036,1740.11,1
2026-07-16T00:40:33Z,4,DUT-A4,6.5025,1949.18,1
2026-07-16T00:40:33Z,5,DUT-A5,6.9556,653.36,1
2026-07-16T00:40:33Z,6,DUT-A6,6.9988,140.66,1
2026-07-16T00:40:33Z,7,DUT-A7,7.0063,169.7,1
2026-07-16T00:40:33Z,8,DUT-A8,7.0051,128.07,1
2026-07-16T00:40:47Z,1,DUT-A1,6.9573,199.33,1
2026-07-16T00:40:47Z,2,DUT-A2,6.9582,168.05,1
2026-07-16T00:40:47Z,3,DUT-A3,6.5043,119.88,1
2026-07-16T00:40:47Z,4,DUT-A4,6.5032,164.13,1
2026-07-16T00:40:47Z,5,DUT-A5,6.9561,332.74,1
2026-07-16T00:40:47Z,6,DUT-A6,6.9987,115.69,1
2026-07-16T00:40:47Z,7,DUT-A7,7.006,122.12,1
2026-07-16T00:40:47Z,8,DUT-A8,7.005,133.82,1
2026-07-16T00:41:01Z,1,DUT-A1,6.9575,167.67,1
2026-07-16T00:41:01Z,2,DUT-A2,6.9583,156.17,1
2026-07-16T00:41:01Z,3,DUT-A3,6.5045,132.24,1
2026-07-16T00:41:01Z,4,DUT-A4,6.5031,181.48,1
2026-07-16T00:41:01Z,5,DUT-A5,6.956,318.73,1
2026-07-16T00:41:01Z,6,DUT-A6,6.9987,124.92,1
2026-07-16T00:41:01Z,7,DUT-A7,7.0053,1009.27,1
2026-07-16T00:41:01Z,8,DUT-A8,7.0049,136.75,1
2026-07-16T00:41:15Z,1,DUT-A1,6.9576,198.87,1
2026-07-16T00:41:15Z,2,DUT-A2,6.9582,116.22,1
2026-07-16T00:41:15Z,3,DUT-A3,6.5045,131.15,1
2026-07-16T00:41:15Z,4,DUT-A4,6.5031,199.99,1
2026-07-16T00:41:15Z,5,DUT-A5,6.9555,1062.55,1
2026-07-16T00:41:15Z,6,DUT-A6,6.998,851.85,1
2026-07-16T00:41:15Z,7,DUT-A7,7.0062,160.7,1
2026-07-16T00:41:15Z,8,DUT-A8,7.0052,142.95,1
2026-07-16T00:41:29Z,1,DUT-A1,6.9575,151.7,1
2026-07-16T00:41:29Z,2,DUT-A2,6.9585,129.37,1
2026-07-16T00:41:29Z,3,DUT-A3,6.5044,148.6,1
2026-07-16T00:41:29Z,4,DUT-A4,6.5033,149.03,1
2026-07-16T00:41:29Z,5,DUT-A5,6.956,324.86,1
2026-07-16T00:41:29Z,6,DUT-A6,6.9988,129.37,1
2026-07-16T00:41:29Z,7,DUT-A7,7.0061,878.5,1
2026-07-16T00:41:29Z,8,DUT-A8,7.0048,314.54,1
2026-07-16T00:41:43Z,1,DUT-A1,6.9572,504.56,1
2026-07-16T00:41:43Z,2,DUT-A2,6.9581,485.76,1
2026-07-16T00:41:43Z,3,DUT-A3,6.5043,118.94,1
2026-07-16T00:41:43Z,4,DUT-A4,6.5034,210.83,1
2026-07-16T00:41:43Z,5,DUT-A5,6.9561,337.22,1
2026-07-16T00:41:43Z,6,DUT-A6,6.9988,132.22,1
2026-07-16T00:41:43Z,7,DUT-A7,7.0062,140.1,1
2026-07-16T00:41:43Z,8,DUT-A8,7.0053,128.73,1
2026-07-16T00:41:57Z,1,DUT-A1,6.9577,198.16,1
2026-07-16T00:41:57Z,2,DUT-A2,6.9584,144.65,1
2026-07-16T00:41:57Z,3,DUT-A3,6.5044,156.25,1
2026-07-16T00:41:57Z,4,DUT-A4,6.5029,813.85,1
2026-07-16T00:41:57Z,5,DUT-A5,6.9555,934.37,1
2026-07-16T00:41:57Z,6,DUT-A6,6.9985,438.21,1
2026-07-16T00:41:57Z,7,DUT-A7,7.0065,131.23,1
2026-07-16T00:41:57Z,8,DUT-A8,7.0044,805.36,1
2026-07-16T00:42:11Z,1,DUT-A1,6.9578,179.32,1
2026-07-16T00:42:11Z,2,DUT-A2,6.9586,137.05,1
2026-07-16T00:42:11Z,3,DUT-A3,6.5044,164.8,1
2026-07-16T00:42:11Z,4,DUT-A4,6.5032,165.79,1
2026-07-16T00:42:11Z,5,DUT-A5,6.956,325.57,1
2026-07-16T00:42:11Z,6,DUT-A6,6.9988,106.33,1
2026-07-16T00:42:11Z,7,DUT-A7,7.0063,125.99,1
2026-07-16T00:42:11Z,8,DUT-A8,7.0052,123.8,1
2026-07-16T00:42:25Z,1,DUT-A1,6.9564,939.61,1
2026-07-16T00:42:25Z,2,DUT-A2,6.9585,150.2,1
2026-07-16T00:42:25Z,3,DUT-A3,6.5045,126.11,1
2026-07-16T00:42:25Z,4,DUT-A4,6.5032,170.39,1
2026-07-16T00:42:25Z,5,DUT-A5,6.956,362.14,1
2026-07-16T00:42:25Z,6,DUT-A6,6.9989,112.05,1
2026-07-16T00:42:25Z,7,DUT-A7,7.0062,131.28,1
2026-07-16T00:42:25Z,8,DUT-A8,7.005,130.23,1
2026-07-16T00:42:39Z,1,DUT-A1,6.9574,375.49,1
2026-07-16T00:42:39Z,2,DUT-A2,6.9584,133.87,1
2026-07-16T00:42:39Z,3,DUT-A3,6.5043,130.29,1
2026-07-16T00:42:39Z,4,DUT-A4,6.5033,143.54,1
2026-07-16T00:42:39Z,5,DUT-A5,6.9561,247.96,1
2026-07-16T00:42:39Z,6,DUT-A6,6.9984,506.01,1
2026-07-16T00:42:39Z,7,DUT-A7,7.0063,132.93,1
2026-07-16T00:42:39Z,8,DUT-A8,7.0052,137.36,1
2026-07-16T00:42:53Z,1,DUT-A1,6.9577,200.3,1
2026-07-16T00:42:53Z,2,DUT-A2,6.9572,731.89,1
2026-07-16T00:42:53Z,3,DUT-A3,6.5039,873.39,1
2026-07-16T00:42:53Z,4,DUT-A4,6.5032,473.05,1
2026-07-16T00:42:53Z,5,DUT-A5,6.9563,266.8,1
2026-07-16T00:42:53Z,6,DUT-A6,6.9988,136.34,1
2026-07-16T00:42:53Z,7,DUT-A7,7.0063,127.69,1
2026-07-16T00:42:53Z,8,DUT-A8,7.0053,119.96,1
2026-07-16T00:43:07Z,1,DUT-A1,6.9576,171.64,1
2026-07-16T00:43:07Z,2,DUT-A2,6.9584,133.62,1
2026-07-16T00:43:07Z,3,DUT-A3,6.5044,156.07,1
2026-07-16T00:43:07Z,4,DUT-A4,6.5032,176.34,1
2026-07-16T00:43:07Z,5,DUT-A5,6.9562,313.62,1
2026-07-16T00:43:07Z,6,DUT-A6,6.9989,144.4,1
2026-07-16T00:43:07Z,7,DUT-A7,7.0062,126.57,1
2026-07-16T00:43:07Z,8,DUT-A8,7.0051,148.19,1
2026-07-16T00:43:20Z,1,DUT-A1,6.9573,151.37,1
2026-07-16T00:43:20Z,2,DUT-A2,6.9586,149.84,1
2026-07-16T00:43:20Z,3,DUT-A3,6.5044,135.27,1
2026-07-16T00:43:20Z,4,DUT-A4,6.5033,187.84,1
2026-07-16T00:43:20Z,5,DUT-A5,6.9562,265.2,1
2026-07-16T00:43:20Z,6,DUT-A6,6.9987,157.67,1
2026-07-16T00:43:20Z,7,DUT-A7,7.0058,858.94,1
2026-07-16T00:43:20Z,8,DUT-A8,7.0052,119.32,1
2026-07-16T00:43:38Z,1,DUT-A1,6.9566,696.23,1
2026-07-16T00:43:38Z,2,DUT-A2,6.9584,147.6,1
2026-07-16T00:43:38Z,3,DUT-A3,6.5043,149.77,1
2026-07-16T00:43:38Z,4,DUT-A4,6.5031,166.12,1
2026-07-16T00:43:38Z,5,DUT-A5,6.9561,262.38,1
2026-07-16T00:43:38Z,6,DUT-A6,6.9982,740.33,1
2026-07-16T00:43:38Z,7,DUT-A7,7.0064,125.78,1
2026-07-16T00:43:38Z,8,DUT-A8,7.0051,132.9,1
2026-07-16T00:43:52Z,1,DUT-A1,6.9574,208.31,1
2026-07-16T00:43:52Z,2,DUT-A2,6.9587,154.39,1
2026-07-16T00:43:52Z,3,DUT-A3,6.5044,157.88,1
2026-07-16T00:43:52Z,4,DUT-A4,6.5032,136.16,1
2026-07-16T00:43:52Z,5,DUT-A5,6.9564,253.12,1
2026-07-16T00:43:52Z,6,DUT-A6,6.9989,152.51,1
2026-07-16T00:43:52Z,7,DUT-A7,7.0064,144.98,1
2026-07-16T00:43:52Z,8,DUT-A8,7.0053,152.39,1
2026-07-16T00:44:06Z,1,DUT-A1,6.9573,177.03,1
2026-07-16T00:44:06Z,2,DUT-A2,6.9585,135.65,1
2026-07-16T00:44:06Z,3,DUT-A3,6.5044,126.72,1
2026-07-16T00:44:06Z,4,DUT-A4,6.5032,183.36,1
2026-07-16T00:44:06Z,5,DUT-A5,6.9563,248.11,1
2026-07-16T00:44:06Z,6,DUT-A6,6.9989,151.04,1
2026-07-16T00:44:06Z,7,DUT-A7,7.0063,139.42,1
2026-07-16T00:44:06Z,8,DUT-A8,7.0052,148.21,1
2026-07-16T00:44:20Z,1,DUT-A1,6.9575,183.11,1
2026-07-16T00:44:20Z,2,DUT-A2,6.9585,142.06,1
2026-07-16T00:44:20Z,3,DUT-A3,6.5044,132.17,1
2026-07-16T00:44:20Z,4,DUT-A4,6.5031,211.33,1
2026-07-16T00:44:20Z,5,DUT-A5,6.9563,207.9,1
2026-07-16T00:44:20Z,6,DUT-A6,6.9987,137.08,1
2026-07-16T00:44:20Z,7,DUT-A7,7.0064,124.74,1
2026-07-16T00:44:20Z,8,DUT-A8,7.0051,136.13,1
2026-07-16T00:44:33Z,1,DUT-A1,6.9574,206.45,1
2026-07-16T00:44:33Z,2,DUT-A2,6.9571,850.7,1
2026-07-16T00:44:33Z,3,DUT-A3,6.5039,1064.63,1
2026-07-16T00:44:33Z,4,DUT-A4,6.5028,958.99,1
2026-07-16T00:44:33Z,5,DUT-A5,6.9562,458.58,1
2026-07-16T00:44:33Z,6,DUT-A6,6.9989,126.09,1
2026-07-16T00:44:33Z,7,DUT-A7,7.0063,165.18,1
2026-07-16T00:44:33Z,8,DUT-A8,7.0053,150.25,1
2026-07-16T00:44:47Z,1,DUT-A1,6.9574,170.31,1
2026-07-16T00:44:47Z,2,DUT-A2,6.9585,136.52,1
2026-07-16T00:44:47Z,3,DUT-A3,6.5045,145.93,1
2026-07-16T00:44:47Z,4,DUT-A4,6.5031,152.13,1
2026-07-16T00:44:47Z,5,DUT-A5,6.9563,294.62,1
2026-07-16T00:44:47Z,6,DUT-A6,6.9988,137.05,1
2026-07-16T00:44:47Z,7,DUT-A7,7.0063,126.29,1
2026-07-16T00:44:47Z,8,DUT-A8,7.0052,128.56,1
2026-07-16T00:45:01Z,1,DUT-A1,6.9575,194.6,1
2026-07-16T00:45:01Z,2,DUT-A2,6.9581,146.76,1
2026-07-16T00:45:01Z,3,DUT-A3,6.5044,138.96,1
2026-07-16T00:45:01Z,4,DUT-A4,6.5033,172.6,1
2026-07-16T00:45:01Z,5,DUT-A5,6.9564,262.07,1
2026-07-16T00:45:01Z,6,DUT-A6,6.9988,134.02,1
2026-07-16T00:45:01Z,7,DUT-A7,7.0055,853.58,1
2026-07-16T00:45:01Z,8,DUT-A8,7.0051,159.91,1
2026-07-16T00:45:15Z,1,DUT-A1,6.9572,177.28,1
2026-07-16T00:45:15Z,2,DUT-A2,6.9581,124.77,1
2026-07-16T00:45:15Z,3,DUT-A3,6.5044,156.1,1
2026-07-16T00:45:15Z,4,DUT-A4,6.5032,189.06,1
2026-07-16T00:45:15Z,5,DUT-A5,6.9553,1680.68,1
2026-07-16T00:45:15Z,6,DUT-A6,6.9971,1652.91,1
2026-07-16T00:45:15Z,7,DUT-A7,7.0063,152.64,1
2026-07-16T00:45:15Z,8,DUT-A8,7.0049,630.27,1
2026-07-16T00:45:29Z,1,DUT-A1,6.9567,709.15,1
2026-07-16T00:45:29Z,2,DUT-A2,6.9582,141.22,1
2026-07-16T00:45:29Z,3,DUT-A3,6.5043,168.2,1
2026-07-16T00:45:29Z,4,DUT-A4,6.5034,151.06,1
2026-07-16T00:45:29Z,5,DUT-A5,6.9563,300.68,1
2026-07-16T00:45:29Z,6,DUT-A6,6.9986,138.86,1
2026-07-16T00:45:29Z,7,DUT-A7,7.0063,277.89,1
2026-07-16T00:45:29Z,8,DUT-A8,7.0046,568.01,1
2026-07-16T00:45:44Z,1,DUT-A1,6.9556,1036.22,1
2026-07-16T00:45:44Z,2,DUT-A2,6.9567,695.17,1
2026-07-16T00:45:44Z,3,DUT-A3,6.5044,135.83,1
2026-07-16T00:45:44Z,4,DUT-A4,6.5034,224.61,1
2026-07-16T00:45:44Z,5,DUT-A5,6.9563,243.4,1
2026-07-16T00:45:44Z,6,DUT-A6,6.9985,124.39,1
2026-07-16T00:45:44Z,7,DUT-A7,7.0063,157.47,1
2026-07-16T00:45:44Z,8,DUT-A8,7.005,158.92,1
2026-07-16T00:45:58Z,1,DUT-A1,6.9573,197.35,1
2026-07-16T00:45:58Z,2,DUT-A2,6.9583,128.48,1
2026-07-16T00:45:58Z,3,DUT-A3,6.5044,155.31,1
2026-07-16T00:45:58Z,4,DUT-A4,6.5031,492.73,1
2026-07-16T00:45:58Z,5,DUT-A5,6.9562,277.94,1
2026-07-16T00:45:58Z,6,DUT-A6,6.9985,166.78,1
2026-07-16T00:45:58Z,7,DUT-A7,7.0061,290.3,1
2026-07-16T00:45:58Z,8,DUT-A8,7.0048,241.62,1
2026-07-16T00:46:12Z,1,DUT-A1,6.9572,189.72,1
2026-07-16T00:46:12Z,2,DUT-A2,6.9582,111.72,1
2026-07-16T00:46:12Z,3,DUT-A3,6.5046,135.91,1
2026-07-16T00:46:12Z,4,DUT-A4,6.5031,188.27,1
2026-07-16T00:46:12Z,5,DUT-A5,6.9564,259.48,1
2026-07-16T00:46:12Z,6,DUT-A6,6.9986,152.64,1
2026-07-16T00:46:12Z,7,DUT-A7,7.0062,140.81,1
2026-07-16T00:46:12Z,8,DUT-A8,7.0051,142.67,1
2026-07-16T00:46:26Z,1,DUT-A1,6.9572,184.35,1
2026-07-16T00:46:26Z,2,DUT-A2,6.9583,154.67,1
2026-07-16T00:46:26Z,3,DUT-A3,6.5044,142.31,1
2026-07-16T00:46:26Z,4,DUT-A4,6.5032,176.57,1
2026-07-16T00:46:26Z,5,DUT-A5,6.9563,266.37,1
2026-07-16T00:46:26Z,6,DUT-A6,6.9985,127.95,1
2026-07-16T00:46:26Z,7,DUT-A7,7.0062,134.18,1
2026-07-16T00:46:26Z,8,DUT-A8,7.0052,145.75,1
2026-07-16T00:46:40Z,1,DUT-A1,6.9572,182.09,1
2026-07-16T00:46:40Z,2,DUT-A2,6.9585,144.96,1
2026-07-16T00:46:40Z,3,DUT-A3,6.5046,126.14,1
2026-07-16T00:46:40Z,4,DUT-A4,6.5033,198.49,1
2026-07-16T00:46:40Z,5,DUT-A5,6.9563,263.24,1
2026-07-16T00:46:40Z,6,DUT-A6,6.9986,142.06,1
2026-07-16T00:46:40Z,7,DUT-A7,7.0062,139.87,1
2026-07-16T00:46:40Z,8,DUT-A8,7.005,128.66,1
2026-07-16T00:46:54Z,1,DUT-A1,6.9574,167.36,1
2026-07-16T00:46:54Z,2,DUT-A2,6.9569,819.83,1
2026-07-16T00:46:54Z,3,DUT-A3,6.504,900.01,1
2026-07-16T00:46:54Z,4,DUT-A4,6.5029,962.88,1
2026-07-16T00:46:54Z,5,DUT-A5,6.9566,233.41,1
2026-07-16T00:46:54Z,6,DUT-A6,6.9986,136.69,1
2026-07-16T00:46:54Z,7,DUT-A7,7.0063,140.89,1
2026-07-16T00:46:54Z,8,DUT-A8,7.0052,152.44,1
2026-07-16T00:47:08Z,1,DUT-A1,6.9565,882.82,1
2026-07-16T00:47:08Z,2,DUT-A2,6.9584,129.98,1
2026-07-16T00:47:08Z,3,DUT-A3,6.5044,153.86,1
2026-07-16T00:47:08Z,4,DUT-A4,6.5033,171.03,1
2026-07-16T00:47:08Z,5,DUT-A5,6.9566,247.78,1
2026-07-16T00:47:08Z,6,DUT-A6,6.9971,1833.55,1
2026-07-16T00:47:08Z,7,DUT-A7,7.0061,135.96,1
2026-07-16T00:47:08Z,8,DUT-A8,7.0052,135.42,1
2026-07-16T00:47:21Z,1,DUT-A1,6.9574,173.06,1
2026-07-16T00:47:21Z,2,DUT-A2,6.9584,130.69,1
2026-07-16T00:47:21Z,3,DUT-A3,6.5042,145.42,1
2026-07-16T00:47:21Z,4,DUT-A4,6.5032,200.58,1
2026-07-16T00:47:21Z,5,DUT-A5,6.9567,294.19,1
2026-07-16T00:47:21Z,6,DUT-A6,6.9983,140.38,1
2026-07-16T00:47:21Z,7,DUT-A7,7.0056,864.51,1
2026-07-16T00:47:21Z,8,DUT-A8,7.0052,135.42,1
2026-07-16T00:47:35Z,1,DUT-A1,6.9574,180.84,1
2026-07-16T00:47:35Z,2,DUT-A2,6.9581,137.71,1
2026-07-16T00:47:35Z,3,DUT-A3,6.5044,128.96,1
2026-07-16T00:47:35Z,4,DUT-A4,6.5033,191.07,1
2026-07-16T00:47:35Z,5,DUT-A5,6.956,913.39,1
2026-07-16T00:47:35Z,6,DUT-A6,6.9979,781.71,1
2026-07-16T00:47:35Z,7,DUT-A7,7.0063,118.64,1
2026-07-16T00:47:35Z,8,DUT-A8,7.0049,519.82,1
2026-07-16T00:47:49Z,1,DUT-A1,6.9572,162.61,1
2026-07-16T00:47:49Z,2,DUT-A2,6.9583,143.13,1
2026-07-16T00:47:49Z,3,DUT-A3,6.5044,170.7,1
2026-07-16T00:47:49Z,4,DUT-A4,6.5034,160.14,1
2026-07-16T00:47:49Z,5,DUT-A5,6.9566,295.94,1
2026-07-16T00:47:49Z,6,DUT-A6,6.9984,127.51,1
2026-07-16T00:47:49Z,7,DUT-A7,7.0062,131.46,1
2026-07-16T00:47:49Z,8,DUT-A8,7.0053,152.03,1
2026-07-16T00:48:03Z,1,DUT-A1,6.9565,828.55,1
2026-07-16T00:48:03Z,2,DUT-A2,6.9585,162.4,1
2026-07-16T00:48:03Z,3,DUT-A3,6.5043,471.14,1
2026-07-16T00:48:03Z,4,DUT-A4,6.5033,163.83,1
2026-07-16T00:48:03Z,5,DUT-A5,6.9564,443.35,1
2026-07-16T00:48:03Z,6,DUT-A6,6.9984,130.13,1
2026-07-16T00:48:03Z,7,DUT-A7,7.0061,147.6,1
2026-07-16T00:48:03Z,8,DUT-A8,7.0051,142.62,1
2026-07-16T00:48:17Z,1,DUT-A1,6.9575,169.93,1
2026-07-16T00:48:17Z,2,DUT-A2,6.9583,160.96,1
2026-07-16T00:48:17Z,3,DUT-A3,6.5043,155.92,1
2026-07-16T00:48:17Z,4,DUT-A4,6.5033,183.49,1
2026-07-16T00:48:17Z,5,DUT-A5,6.9566,212.96,1
2026-07-16T00:48:17Z,6,DUT-A6,6.9984,147.55,1
2026-07-16T00:48:17Z,7,DUT-A7,7.0063,156.81,1
2026-07-16T00:48:17Z,8,DUT-A8,7.0045,887.32,1
2026-07-16T00:48:31Z,1,DUT-A1,6.9575,173.59,1
2026-07-16T00:48:31Z,2,DUT-A2,6.9586,148.06,1
2026-07-16T00:48:31Z,3,DUT-A3,6.5043,141.25,1
2026-07-16T00:48:31Z,4,DUT-A4,6.5032,167.36,1
2026-07-16T00:48:31Z,5,DUT-A5,6.9566,236.79,1
2026-07-16T00:48:31Z,6,DUT-A6,6.9985,154.47,1
2026-07-16T00:48:31Z,7,DUT-A7,7.0064,123.78,1
2026-07-16T00:48:31Z,8,DUT-A8,7.0051,111.42,1
2026-07-16T00:48:48Z,1,DUT-A1,6.9574,185.24,1
2026-07-16T00:48:48Z,2,DUT-A2,6.9583,171.18,1
2026-07-16T00:48:48Z,3,DUT-A3,6.5045,129.57,1
2026-07-16T00:48:48Z,4,DUT-A4,6.5032,136.41,1
2026-07-16T00:48:48Z,5,DUT-A5,6.9568,278.27,1
2026-07-16T00:48:48Z,6,DUT-A6,6.9985,137.66,1
2026-07-16T00:48:48Z,7,DUT-A7,7.006,107.24,1
2026-07-16T00:48:48Z,8,DUT-A8,7.0052,131.38,1
2026-07-16T00:49:02Z,1,DUT-A1,6.9575,168.92,1
2026-07-16T00:49:02Z,2,DUT-A2,6.9584,126.19,1
2026-07-16T00:49:02Z,3,DUT-A3,6.5041,625.66,1
2026-07-16T00:49:02Z,4,DUT-A4,6.5034,190.66,1
2026-07-16T00:49:02Z,5,DUT-A5,6.9568,432.82,1
2026-07-16T00:49:02Z,6,DUT-A6,6.9983,122.58,1
2026-07-16T00:49:02Z,7,DUT-A7,7.006,276.87,1
2026-07-16T00:49:02Z,8,DUT-A8,7.005,151.62,1
2026-07-16T00:49:16Z,1,DUT-A1,6.9576,200.65,1
2026-07-16T00:49:16Z,2,DUT-A2,6.9583,136.41,1
2026-07-16T00:49:16Z,3,DUT-A3,6.5044,138.63,1
2026-07-16T00:49:16Z,4,DUT-A4,6.5032,202.05,1
2026-07-16T00:49:16Z,5,DUT-A5,6.9562,986.28,1
2026-07-16T00:49:16Z,6,DUT-A6,6.9978,845.46,1
2026-07-16T00:49:16Z,7,DUT-A7,7.0063,117.98,1
2026-07-16T00:49:16Z,8,DUT-A8,7.0044,863.6,1
2026-07-16T00:49:30Z,1,DUT-A1,6.9576,184.1,1
2026-07-16T00:49:30Z,2,DUT-A2,6.9584,157.14,1
2026-07-16T00:49:30Z,3,DUT-A3,6.5044,149.0,1
2026-07-16T00:49:30Z,4,DUT-A4,6.5034,156.68,1
2026-07-16T00:49:30Z,5,DUT-A5,6.957,292.87,1
2026-07-16T00:49:30Z,6,DUT-A6,6.9985,157.68,1
2026-07-16T00:49:30Z,7,DUT-A7,7.0062,122.15,1
2026-07-16T00:49:30Z,8,DUT-A8,7.0048,688.4,1
2026-07-16T00:49:44Z,1,DUT-A1,6.9564,925.19,1
2026-07-16T00:49:44Z,2,DUT-A2,6.9573,1211.8,1
2026-07-16T00:49:44Z,3,DUT-A3,6.5044,150.02,1
2026-07-16T00:49:44Z,4,DUT-A4,6.5034,167.29,1
2026-07-16T00:49:44Z,5,DUT-A5,6.9569,228.58,1
2026-07-16T00:49:44Z,6,DUT-A6,6.9987,137.61,1
2026-07-16T00:49:44Z,7,DUT-A7,7.0062,155.64,1
2026-07-16T00:49:44Z,8,DUT-A8,7.0052,154.57,1
2026-07-16T00:49:58Z,1,DUT-A1,6.9576,175.93,1
2026-07-16T00:49:58Z,2,DUT-A2,6.957,695.95,1
2026-07-16T00:49:58Z,3,DUT-A3,6.5045,159.23,1
2026-07-16T00:49:58Z,4,DUT-A4,6.5034,531.16,1
2026-07-16T00:49:58Z,5,DUT-A5,6.9568,271.51,1
2026-07-16T00:49:58Z,6,DUT-A6,6.9986,141.68,1
2026-07-16T00:49:58Z,7,DUT-A7,7.0057,413.06,1
2026-07-16T00:49:58Z,8,DUT-A8,7.005,152.21,1
2026-07-16T00:50:12Z,1,DUT-A1,6.9574,174.76,1
2026-07-16T00:50:12Z,2,DUT-A2,6.9584,123.55,1
2026-07-16T00:50:12Z,3,DUT-A3,6.5044,139.16,1
2026-07-16T00:50:12Z,4,DUT-A4,6.5035,165.18,1
2026-07-16T00:50:12Z,5,DUT-A5,6.9569,243.61,1
2026-07-16T00:50:12Z,6,DUT-A6,6.9985,151.39,1
2026-07-16T00:50:12Z,7,DUT-A7,7.0064,120.27,1
2026-07-16T00:50:12Z,8,DUT-A8,7.0052,146.38,1
2026-07-16T00:50:26Z,1,DUT-A1,6.9572,165.94,1
2026-07-16T00:50:26Z,2,DUT-A2,6.9581,146.89,1
2026-07-16T00:50:26Z,3,DUT-A3,6.5043,150.78,1
2026-07-16T00:50:26Z,4,DUT-A4,6.5031,151.49,1
2026-07-16T00:50:26Z,5,DUT-A5,6.9567,241.24,1
2026-07-16T00:50:26Z,6,DUT-A6,6.9984,121.64,1
2026-07-16T00:50:26Z,7,DUT-A7,7.0063,135.35,1
2026-07-16T00:50:26Z,8,DUT-A8,7.005,161.36,1
2026-07-16T00:50:40Z,1,DUT-A1,6.9571,157.22,1
2026-07-16T00:50:40Z,2,DUT-A2,6.9581,146.23,1
2026-07-16T00:50:40Z,3,DUT-A3,6.5044,142.19,1
2026-07-16T00:50:40Z,4,DUT-A4,6.5031,165.61,1
2026-07-16T00:50:40Z,5,DUT-A5,6.9568,299.79,1
2026-07-16T00:50:40Z,6,DUT-A6,6.9982,118.21,1
2026-07-16T00:50:40Z,7,DUT-A7,7.0062,200.88,1
2026-07-16T00:50:40Z,8,DUT-A8,7.0049,124.39,1
2026-07-16T00:50:54Z,1,DUT-A1,6.9571,175.91,1
2026-07-16T00:50:54Z,2,DUT-A2,6.9571,782.32,1
2026-07-16T00:50:54Z,3,DUT-A3,6.504,854.09,1
2026-07-16T00:50:54Z,4,DUT-A4,6.5029,841.62,1
2026-07-16T00:50:54Z,5,DUT-A5,6.957,233.51,1
2026-07-16T00:50:54Z,6,DUT-A6,6.9982,136.87,1
2026-07-16T00:50:54Z,7,DUT-A7,7.0062,126.45,1
2026-07-16T00:50:54Z,8,DUT-A8,7.005,134.99,1
2026-07-16T00:51:08Z,1,DUT-A1,6.9569,369.52,1
2026-07-16T00:51:08Z,2,DUT-A2,6.9583,111.03,1
2026-07-16T00:51:08Z,3,DUT-A3,6.5043,162.46,1
2026-07-16T00:51:08Z,4,DUT-A4,6.5036,197.88,1
2026-07-16T00:51:08Z,5,DUT-A5,6.9569,250.35,1
2026-07-16T00:51:08Z,6,DUT-A6,6.9978,811.31,1
2026-07-16T00:51:08Z,7,DUT-A7,7.0058,143.84,1
2026-07-16T00:51:08Z,8,DUT-A8,7.005,125.68,1
2026-07-16T00:51:23Z,1,DUT-A1,6.9573,176.11,1
2026-07-16T00:51:23Z,2,DUT-A2,6.9582,137.25,1
2026-07-16T00:51:23Z,3,DUT-A3,6.5045,124.54,1
2026-07-16T00:51:23Z,4,DUT-A4,6.5033,167.85,1
2026-07-16T00:51:23Z,5,DUT-A5,6.957,241.57,1
2026-07-16T00:51:23Z,6,DUT-A6,6.9983,133.08,1
2026-07-16T00:51:23Z,7,DUT-A7,7.006,141.37,1
2026-07-16T00:51:23Z,8,DUT-A8,7.0051,128.79,1
2026-07-16T00:51:37Z,1,DUT-A1,6.9575,176.39,1
2026-07-16T00:51:37Z,2,DUT-A2,6.9582,150.15,1
2026-07-16T00:51:37Z,3,DUT-A3,6.5044,152.26,1
2026-07-16T00:51:37Z,4,DUT-A4,6.5033,197.68,1
2026-07-16T00:51:37Z,5,DUT-A5,6.9562,929.11,1
2026-07-16T00:51:37Z,6,DUT-A6,6.9977,809.81,1
2026-07-16T00:51:37Z,7,DUT-A7,7.0059,123.98,1
2026-07-16T00:51:37Z,8,DUT-A8,7.0044,849.2,1
2026-07-16T00:51:51Z,1,DUT-A1,6.9573,186.23,1
2026-07-16T00:51:51Z,2,DUT-A2,6.9583,146.46,1
2026-07-16T00:51:51Z,3,DUT-A3,6.5044,128.15,1
2026-07-16T00:51:51Z,4,DUT-A4,6.5034,210.52,1
2026-07-16T00:51:51Z,5,DUT-A5,6.957,200.6,1
2026-07-16T00:51:51Z,6,DUT-A6,6.9984,161.74,1
2026-07-16T00:51:51Z,7,DUT-A7,7.0059,149.28,1
2026-07-16T00:51:51Z,8,DUT-A8,7.0052,133.11,1
2026-07-16T00:52:04Z,1,DUT-A1,6.9562,903.55,1
2026-07-16T00:52:04Z,2,DUT-A2,6.9582,147.78,1
2026-07-16T00:52:04Z,3,DUT-A3,6.5044,148.39,1
2026-07-16T00:52:04Z,4,DUT-A4,6.5033,174.33,1
2026-07-16T00:52:04Z,5,DUT-A5,6.9572,237.63,1
2026-07-16T00:52:04Z,6,DUT-A6,6.9982,130.95,1
2026-07-16T00:52:04Z,7,DUT-A7,7.0058,162.28,1
2026-07-16T00:52:04Z,8,DUT-A8,7.0051,138.91,1
2026-07-16T00:52:18Z,1,DUT-A1,6.9574,186.82,1
2026-07-16T00:52:18Z,2,DUT-A2,6.9582,174.74,1
2026-07-16T00:52:18Z,3,DUT-A3,6.5043,141.4,1
2026-07-16T00:52:18Z,4,DUT-A4,6.5033,200.17,1
2026-07-16T00:52:18Z,5,DUT-A5,6.957,257.39,1
2026-07-16T00:52:18Z,6,DUT-A6,6.9985,133.72,1
2026-07-16T00:52:18Z,7,DUT-A7,7.0059,113.83,1
2026-07-16T00:52:18Z,8,DUT-A8,7.005,160.07,1
2026-07-16T00:52:32Z,1,DUT-A1,6.9574,202.0,1
2026-07-16T00:52:32Z,2,DUT-A2,6.9577,548.73,1
2026-07-16T00:52:32Z,3,DUT-A3,6.504,811.9,1
2026-07-16T00:52:32Z,4,DUT-A4,6.5032,163.22,1
2026-07-16T00:52:32Z,5,DUT-A5,6.9569,616.07,1
2026-07-16T00:52:32Z,6,DUT-A6,6.9984,159.86,1
2026-07-16T00:52:32Z,7,DUT-A7,7.0059,129.83,1
2026-07-16T00:52:32Z,8,DUT-A8,7.005,176.42,1
2026-07-16T00:52:46Z,1,DUT-A1,6.9574,179.6,1
2026-07-16T00:52:46Z,2,DUT-A2,6.9583,148.42,1
2026-07-16T00:52:46Z,3,DUT-A3,6.5043,140.28,1
2026-07-16T00:52:46Z,4,DUT-A4,6.5034,153.68,1
2026-07-16T00:52:46Z,5,DUT-A5,6.9572,245.72,1
2026-07-16T00:52:46Z,6,DUT-A6,6.9984,134.66,1
2026-07-16T00:52:46Z,7,DUT-A7,7.006,141.37,1
2026-07-16T00:52:46Z,8,DUT-A8,7.005,128.43,1
2026-07-16T00:53:00Z,1,DUT-A1,6.9575,185.83,1
2026-07-16T00:53:00Z,2,DUT-A2,6.9583,137.2,1
2026-07-16T00:53:00Z,3,DUT-A3,6.5043,159.28,1
2026-07-16T00:53:00Z,4,DUT-A4,6.5033,167.72,1
2026-07-16T00:53:00Z,5,DUT-A5,6.9572,223.8,1
2026-07-16T00:53:00Z,6,DUT-A6,6.9983,147.22,1
2026-07-16T00:53:00Z,7,DUT-A7,7.0056,632.27,1
2026-07-16T00:53:00Z,8,DUT-A8,7.0047,410.39,1
2026-07-16T00:53:14Z,1,DUT-A1,6.9575,177.99,1
2026-07-16T00:53:14Z,2,DUT-A2,6.9518,3839.59,1
2026-07-16T00:53:14Z,3,DUT-A3,6.5041,912.12,1
2026-07-16T00:53:14Z,4,DUT-A4,6.5031,870.01,1
2026-07-16T00:53:14Z,5,DUT-A5,6.9572,298.13,1
2026-07-16T00:53:14Z,6,DUT-A6,6.9985,113.35,1
2026-07-16T00:53:14Z,7,DUT-A7,7.006,134.86,1
2026-07-16T00:53:14Z,8,DUT-A8,7.0053,147.94,1
2026-07-16T00:53:28Z,1,DUT-A1,6.9575,170.24,1
2026-07-16T00:53:28Z,2,DUT-A2,6.958,119.91,1
2026-07-16T00:53:28Z,3,DUT-A3,6.5044,137.66,1
2026-07-16T00:53:28Z,4,DUT-A4,6.5031,754.06,1
2026-07-16T00:53:28Z,5,DUT-A5,6.9573,282.19,1
2026-07-16T00:53:28Z,6,DUT-A6,6.9983,157.68,1
2026-07-16T00:53:28Z,7,DUT-A7,7.0055,534.16,1
2026-07-16T00:53:28Z,8,DUT-A8,7.0053,127.44,1
2026-07-16T00:53:42Z,1,DUT-A1,6.9576,181.17,1
2026-07-16T00:53:42Z,2,DUT-A2,6.958,179.65,1
2026-07-16T00:53:42Z,3,DUT-A3,6.5044,166.8,1
2026-07-16T00:53:42Z,4,DUT-A4,6.5035,157.24,1
2026-07-16T00:53:42Z,5,DUT-A5,6.9573,253.96,1
2026-07-16T00:53:42Z,6,DUT-A6,6.9985,138.73,1
2026-07-16T00:53:42Z,7,DUT-A7,7.0054,859.94,1
2026-07-16T00:53:42Z,8,DUT-A8,7.0051,148.85,1
2026-07-16T00:54:00Z,1,DUT-A1,6.9577,183.41,1
2026-07-16T00:54:00Z,2,DUT-A2,6.9581,149.05,1
2026-07-16T00:54:00Z,3,DUT-A3,6.5044,149.26,1
2026-07-16T00:54:00Z,4,DUT-A4,6.5032,163.6,1
2026-07-16T00:54:00Z,5,DUT-A5,6.9574,241.09,1
2026-07-16T00:54:00Z,6,DUT-A6,6.9983,155.06,1
2026-07-16T00:54:00Z,7,DUT-A7,7.0054,850.88,1
2026-07-16T00:54:00Z,8,DUT-A8,7.0047,793.33,1
2026-07-16T00:54:14Z,1,DUT-A1,6.9575,203.65,1
2026-07-16T00:54:14Z,2,DUT-A2,6.9561,1134.26,1
2026-07-16T00:54:14Z,3,DUT-A3,6.5042,467.3,1
2026-07-16T00:54:14Z,4,DUT-A4,6.503,965.12,1
2026-07-16T00:54:14Z,5,DUT-A5,6.9574,241.19,1
2026-07-16T00:54:14Z,6,DUT-A6,6.9983,128.23,1
2026-07-16T00:54:14Z,7,DUT-A7,7.0059,100.79,1
2026-07-16T00:54:14Z,8,DUT-A8,7.0052,137.15,1
2026-07-16T00:54:28Z,1,DUT-A1,6.9574,179.57,1
2026-07-16T00:54:28Z,2,DUT-A2,6.958,144.55,1
2026-07-16T00:54:28Z,3,DUT-A3,6.5044,143.1,1
2026-07-16T00:54:28Z,4,DUT-A4,6.503,701.12,1
2026-07-16T00:54:28Z,5,DUT-A5,6.9574,308.69,1
2026-07-16T00:54:28Z,6,DUT-A6,6.9985,144.4,1
2026-07-16T00:54:28Z,7,DUT-A7,7.0057,781.76,1
2026-07-16T00:54:28Z,8,DUT-A8,7.0052,132.47,1
2026-07-16T00:54:42Z,1,DUT-A1,6.9575,218.15,1
2026-07-16T00:54:42Z,2,DUT-A2,6.9574,782.95,1
2026-07-16T00:54:42Z,3,DUT-A3,6.5043,142.42,1
2026-07-16T00:54:42Z,4,DUT-A4,6.5033,160.17,1
2026-07-16T00:54:42Z,5,DUT-A5,6.9575,257.54,1
2026-07-16T00:54:42Z,6,DUT-A6,6.9984,152.97,1
2026-07-16T00:54:42Z,7,DUT-A7,7.0057,397.44,1
2026-07-16T00:54:42Z,8,DUT-A8,7.005,146.69,1
2026-07-16T00:54:56Z,1,DUT-A1,6.9576,192.67,1
2026-07-16T00:54:56Z,2,DUT-A2,6.9574,141.55,1
2026-07-16T00:54:56Z,3,DUT-A3,6.5042,135.7,1
2026-07-16T00:54:56Z,4,DUT-A4,6.5033,160.4,1
2026-07-16T00:54:56Z,5,DUT-A5,6.9568,965.04,1
2026-07-16T00:54:56Z,6,DUT-A6,6.9978,787.18,1
2026-07-16T00:54:56Z,7,DUT-A7,7.0061,128.25,1
2026-07-16T00:54:56Z,8,DUT-A8,7.0046,866.65,1
2026-07-16T00:55:10Z,1,DUT-A1,6.9571,264.89,1
2026-07-16T00:55:10Z,2,DUT-A2,6.9575,118.79,1
2026-07-16T00:55:10Z,3,DUT-A3,6.5044,124.26,1
2026-07-16T00:55:10Z,4,DUT-A4,6.5033,185.62,1
2026-07-16T00:55:10Z,5,DUT-A5,6.9574,292.46,1
2026-07-16T00:55:10Z,6,DUT-A6,6.9983,115.51,1
2026-07-16T00:55:10Z,7,DUT-A7,7.0061,126.34,1
2026-07-16T00:55:10Z,8,DUT-A8,7.005,140.23,1
2026-07-16T00:55:24Z,1,DUT-A1,6.9559,1118.7,1
2026-07-16T00:55:24Z,2,DUT-A2,6.9571,140.13,1
2026-07-16T00:55:24Z,3,DUT-A3,6.5045,151.77,1
2026-07-16T00:55:24Z,4,DUT-A4,6.5034,177.43,1
2026-07-16T00:55:24Z,5,DUT-A5,6.9574,298.23,1
2026-07-16T00:55:24Z,6,DUT-A6,6.9983,130.16,1
2026-07-16T00:55:24Z,7,DUT-A7,7.0059,119.91,1
2026-07-16T00:55:24Z,8,DUT-A8,7.005,120.82,1
2026-07-16T00:55:38Z,1,DUT-A1,6.957,601.02,1
2026-07-16T00:55:38Z,2,DUT-A2,6.9572,160.57,1
2026-07-16T00:55:38Z,3,DUT-A3,6.5043,169.53,1
2026-07-16T00:55:38Z,4,DUT-A4,6.5033,148.82,1
2026-07-16T00:55:38Z,5,DUT-A5,6.9572,258.59,1
2026-07-16T00:55:38Z,6,DUT-A6,6.9978,557.89,1
2026-07-16T00:55:38Z,7,DUT-A7,7.0059,142.09,1
2026-07-16T00:55:38Z,8,DUT-A8,7.0048,122.27,1
2026-07-16T00:55:52Z,1,DUT-A1,6.9573,172.96,1
2026-07-16T00:55:52Z,2,DUT-A2,6.9573,157.12,1
2026-07-16T00:55:52Z,3,DUT-A3,6.5043,160.68,1
2026-07-16T00:55:52Z,4,DUT-A4,6.5032,196.74,1
2026-07-16T00:55:52Z,5,DUT-A5,6.9574,251.01,1
2026-07-16T00:55:52Z,6,DUT-A6,6.9982,129.55,1
2026-07-16T00:55:52Z,7,DUT-A7,7.0058,122.86,1
2026-07-16T00:55:52Z,8,DUT-A8,7.0049,126.83,1
2026-07-16T00:56:06Z,1,DUT-A1,6.9572,194.09,1
2026-07-16T00:56:06Z,2,DUT-A2,6.9573,117.8,1
2026-07-16T00:56:06Z,3,DUT-A3,6.5043,147.2,1
2026-07-16T00:56:06Z,4,DUT-A4,6.5033,157.4,1
2026-07-16T00:56:06Z,5,DUT-A5,6.9573,265.35,1
2026-07-16T00:56:06Z,6,DUT-A6,6.9982,121.21,1
2026-07-16T00:56:06Z,7,DUT-A7,7.0058,124.64,1
2026-07-16T00:56:06Z,8,DUT-A8,7.0049,131.53,1
2026-07-16T00:56:20Z,1,DUT-A1,6.9575,207.44,1
2026-07-16T00:56:20Z,2,DUT-A2,6.9573,126.22,1
2026-07-16T00:56:20Z,3,DUT-A3,6.5042,129.5,1
2026-07-16T00:56:20Z,4,DUT-A4,6.5034,172.02,1
2026-07-16T00:56:20Z,5,DUT-A5,6.9575,322.11,1
2026-07-16T00:56:20Z,6,DUT-A6,6.9982,137.74,1
2026-07-16T00:56:20Z,7,DUT-A7,7.0059,137.53,1
2026-07-16T00:56:20Z,8,DUT-A8,7.005,140.23,1
2026-07-16T00:56:34Z,1,DUT-A1,6.9574,183.11,1
2026-07-16T00:56:34Z,2,DUT-A2,6.9569,353.8,1
2026-07-16T00:56:34Z,3,DUT-A3,6.5041,362.37,1
2026-07-16T00:56:34Z,4,DUT-A4,6.503,969.39,1
2026-07-16T00:56:34Z,5,DUT-A5,6.957,599.62,1
2026-07-16T00:56:34Z,6,DUT-A6,6.9984,128.71,1
2026-07-16T00:56:34Z,7,DUT-A7,7.0058,115.71,1
2026-07-16T00:56:34Z,8,DUT-A8,7.0049,134.18,1
2026-07-16T00:56:48Z,1,DUT-A1,6.9574,187.56,1
2026-07-16T00:56:48Z,2,DUT-A2,6.9575,155.62,1
2026-07-16T00:56:48Z,3,DUT-A3,6.5044,121.36,1
2026-07-16T00:56:48Z,4,DUT-A4,6.5033,166.47,1
2026-07-16T00:56:48Z,5,DUT-A5,6.9575,281.58,1
2026-07-16T00:56:48Z,6,DUT-A6,6.9981,133.97,1
2026-07-16T00:56:48Z,7,DUT-A7,7.0057,106.08,1
2026-07-16T00:56:48Z,8,DUT-A8,7.0052,121.92,1
2026-07-16T00:57:02Z,1,DUT-A1,6.9575,168.71,1
2026-07-16T00:57:02Z,2,DUT-A2,6.9576,148.67,1
2026-07-16T00:57:02Z,3,DUT-A3,6.5041,561.12,1
2026-07-16T00:57:02Z,4,DUT-A4,6.5034,155.59,1
2026-07-16T00:57:02Z,5,DUT-A5,6.9573,361.38,1
2026-07-16T00:57:02Z,6,DUT-A6,6.9984,187.66,1
2026-07-16T00:57:02Z,7,DUT-A7,7.0059,141.2,1
2026-07-16T00:57:02Z,8,DUT-A8,7.0051,155.51,1
2026-07-16T00:57:16Z,1,DUT-A1,6.9573,185.32,1
2026-07-16T00:57:16Z,2,DUT-A2,6.9572,197.12,1
2026-07-16T00:57:16Z,3,DUT-A3,6.5043,174.08,1
2026-07-16T00:57:16Z,4,DUT-A4,6.5033,150.45,1
2026-07-16T00:57:16Z,5,DUT-A5,6.9568,1025.62,1
2026-07-16T00:57:16Z,6,DUT-A6,6.9978,787.25,1
2026-07-16T00:57:16Z,7,DUT-A7,7.006,110.98,1
2026-07-16T00:57:16Z,8,DUT-A8,7.0043,851.44,1
2026-07-16T00:57:30Z,1,DUT-A1,6.9574,175.63,1
2026-07-16T00:57:30Z,2,DUT-A2,6.9575,140.86,1
2026-07-16T00:57:30Z,3,DUT-A3,6.5044,109.48,1
2026-07-16T00:57:30Z,4,DUT-A4,6.5034,170.7,1
2026-07-16T00:57:30Z,5,DUT-A5,6.9576,277.89,1
2026-07-16T00:57:30Z,6,DUT-A6,6.9983,115.33,1
2026-07-16T00:57:30Z,7,DUT-A7,7.006,135.86,1
2026-07-16T00:57:30Z,8,DUT-A8,7.0044,1043.7,1
2026-07-16T00:57:44Z,1,DUT-A1,6.9561,855.84,1
2026-07-16T00:57:44Z,2,DUT-A2,6.9572,312.58,1
2026-07-16T00:57:44Z,3,DUT-A3,6.5043,145.21,1
2026-07-16T00:57:44Z,4,DUT-A4,6.5036,179.83,1
2026-07-16T00:57:44Z,5,DUT-A5,6.9576,235.7,1
2026-07-16T00:57:44Z,6,DUT-A6,6.9982,130.51,1
2026-07-16T00:57:44Z,7,DUT-A7,7.0059,155.56,1
2026-07-16T00:57:44Z,8,DUT-A8,7.0051,148.04,1
2026-07-16T00:57:58Z,1,DUT-A1,6.9575,189.74,1
2026-07-16T00:57:58Z,2,DUT-A2,6.9576,143.61,1
2026-07-16T00:57:58Z,3,DUT-A3,6.5044,181.4,1
2026-07-16T00:57:58Z,4,DUT-A4,6.5031,732.07,1
2026-07-16T00:57:58Z,5,DUT-A5,6.9576,216.37,1
2026-07-16T00:57:58Z,6,DUT-A6,6.9983,113.32,1
2026-07-16T00:57:58Z,7,DUT-A7,7.0057,622.13,1
2026-07-16T00:57:58Z,8,DUT-A8,7.005,148.7,1
2026-07-16T00:58:12Z,1,DUT-A1,6.9575,197.35,1
2026-07-16T00:58:12Z,2,DUT-A2,6.9576,132.52,1
2026-07-16T00:58:12Z,3,DUT-A3,6.5044,177.1,1
2026-07-16T00:58:12Z,4,DUT-A4,6.5033,173.57,1
2026-07-16T00:58:12Z,5,DUT-A5,6.9577,277.2,1
2026-07-16T00:58:12Z,6,DUT-A6,6.9984,142.65,1
2026-07-16T00:58:12Z,7,DUT-A7,7.0061,159.1,1
2026-07-16T00:58:12Z,8,DUT-A8,7.005,129.27,1
2026-07-16T00:58:26Z,1,DUT-A1,6.9573,181.58,1
2026-07-16T00:58:26Z,2,DUT-A2,6.9577,142.95,1
2026-07-16T00:58:26Z,3,DUT-A3,6.5043,123.09,1
2026-07-16T00:58:26Z,4,DUT-A4,6.5034,170.59,1
2026-07-16T00:58:26Z,5,DUT-A5,6.9577,242.11,1
2026-07-16T00:58:26Z,6,DUT-A6,6.9985,123.11,1
2026-07-16T00:58:26Z,7,DUT-A7,7.006,152.21,1
2026-07-16T00:58:26Z,8,DUT-A8,7.005,139.72,1
2026-07-16T00:58:40Z,1,DUT-A1,6.957,442.94,1
2026-07-16T00:58:40Z,2,DUT-A2,6.9577,142.14,1
2026-07-16T00:58:40Z,3,DUT-A3,6.5044,143.46,1
2026-07-16T00:58:40Z,4,DUT-A4,6.5033,185.73,1
2026-07-16T00:58:40Z,5,DUT-A5,6.9575,268.84,1
2026-07-16T00:58:40Z,6,DUT-A6,6.9984,146.69,1
2026-07-16T00:58:40Z,7,DUT-A7,7.0059,180.56,1
2026-07-16T00:58:40Z,8,DUT-A8,7.005,138.47,1
2026-07-16T00:58:54Z,1,DUT-A1,6.9576,174.41,1
2026-07-16T00:58:54Z,2,DUT-A2,6.9562,850.73,1
2026-07-16T00:58:54Z,3,DUT-A3,6.5039,899.07,1
2026-07-16T00:58:54Z,4,DUT-A4,6.5031,896.17,1
2026-07-16T00:58:54Z,5,DUT-A5,6.9577,325.67,1
2026-07-16T00:58:54Z,6,DUT-A6,6.9985,134.07,1
2026-07-16T00:58:54Z,7,DUT-A7,7.0061,154.45,1
2026-07-16T00:58:54Z,8,DUT-A8,7.0051,116.04,1
2026-07-16T00:59:12Z,1,DUT-A1,6.9576,159.66,1
2026-07-16T00:59:12Z,2,DUT-A2,6.9577,154.98,1
2026-07-16T00:59:12Z,3,DUT-A3,6.5044,171.33,1
2026-07-16T00:59:12Z,4,DUT-A4,6.5034,183.67,1
2026-07-16T00:59:12Z,5,DUT-A5,6.9576,229.16,1
2026-07-16T00:59:12Z,6,DUT-A6,6.9984,120.44,1
2026-07-16T00:59:12Z,7,DUT-A7,7.0062,120.39,1
2026-07-16T00:59:12Z,8,DUT-A8,7.0052,144.32,1
2026-07-16T00:59:25Z,1,DUT-A1,6.9574,188.7,1
2026-07-16T00:59:25Z,2,DUT-A2,6.9576,139.57,1
2026-07-16T00:59:25Z,3,DUT-A3,6.5043,146.69,1
2026-07-16T00:59:25Z,4,DUT-A4,6.5033,180.66,1
2026-07-16T00:59:25Z,5,DUT-A5,6.9578,275.98,1
2026-07-16T00:59:25Z,6,DUT-A6,6.9986,107.52,1
2026-07-16T00:59:25Z,7,DUT-A7,7.0059,114.19,1
2026-07-16T00:59:25Z,8,DUT-A8,7.0051,144.53,1
2026-07-16T00:59:39Z,1,DUT-A1,6.9571,824.76,1
2026-07-16T00:59:39Z,2,DUT-A2,6.9578,133.9,1
2026-07-16T00:59:39Z,3,DUT-A3,6.5044,144.55,1
2026-07-16T00:59:39Z,4,DUT-A4,6.5032,176.83,1
2026-07-16T00:59:39Z,5,DUT-A5,6.9576,229.44,1
2026-07-16T00:59:39Z,6,DUT-A6,6.9985,139.62,1
2026-07-16T00:59:39Z,7,DUT-A7,7.0062,130.41,1
2026-07-16T00:59:39Z,8,DUT-A8,7.0049,135.91,1
2026-07-16T00:59:53Z,1,DUT-A1,6.9577,170.95,1
2026-07-16T00:59:53Z,2,DUT-A2,6.9554,1080.12,1
2026-07-16T00:59:53Z,3,DUT-A3,6.5039,889.31,1
2026-07-16T00:59:53Z,4,DUT-A4,6.5029,944.72,1
2026-07-16T00:59:53Z,5,DUT-A5,6.9578,268.07,1
2026-07-16T00:59:53Z,6,DUT-A6,6.9985,139.85,1
2026-07-16T00:59:53Z,7,DUT-A7,7.0061,156.02,1
2026-07-16T00:59:53Z,8,DUT-A8,7.0052,136.13,1
2026-07-16T01:00:07Z,1,DUT-A1,6.9576,187.53,1
2026-07-16T01:00:07Z,2,DUT-A2,6.9575,141.63,1
2026-07-16T01:00:07Z,3,DUT-A3,6.5042,159.91,1
2026-07-16T01:00:07Z,4,DUT-A4,6.5033,206.66,1
2026-07-16T01:00:07Z,5,DUT-A5,6.9578,268.4,1
2026-07-16T01:00:07Z,6,DUT-A6,6.9981,450.85,1
2026-07-16T01:00:07Z,7,DUT-A7,7.0062,145.59,1
2026-07-16T01:00:07Z,8,DUT-A8,7.0044,714.16,1
2026-07-16T01:00:21Z,1,DUT-A1,6.9577,186.69,1
2026-07-16T01:00:21Z,2,DUT-A2,6.9574,139.54,1
2026-07-16T01:00:21Z,3,DUT-A3,6.5042,172.07,1
2026-07-16T01:00:21Z,4,DUT-A4,6.5036,170.39,1
2026-07-16T01:00:21Z,5,DUT-A5,6.9571,713.4,1
2026-07-16T01:00:21Z,6,DUT-A6,6.9975,1292.67,1
2026-07-16T01:00:21Z,7,DUT-A7,7.0053,829.52,1
2026-07-16T01:00:21Z,8,DUT-A8,7.0045,435.94,1
2026-07-16T01:00:35Z,1,DUT-A1,6.9576,194.96,1
2026-07-16T01:00:35Z,2,DUT-A2,6.9577,146.43,1
2026-07-16T01:00:35Z,3,DUT-A3,6.5042,162.96,1
2026-07-16T01:00:35Z,4,DUT-A4,6.5031,173.09,1
2026-07-16T01:00:35Z,5,DUT-A5,6.9568,1414.06,1
2026-07-16T01:00:35Z,6,DUT-A6,6.9972,1330.92,1
2026-07-16T01:00:35Z,7,DUT-A7,7.006,143.61,1
2026-07-16T01:00:35Z,8,DUT-A8,7.0051,135.04,1
2026-07-16T01:00:49Z,1,DUT-A1,6.9574,207.29,1
2026-07-16T01:00:49Z,2,DUT-A2,6.9574,108.16,1
2026-07-16T01:00:49Z,3,DUT-A3,6.5044,114.11,1
2026-07-16T01:00:49Z,4,DUT-A4,6.5034,168.79,1
2026-07-16T01:00:49Z,5,DUT-A5,6.9577,214.18,1
2026-07-16T01:00:49Z,6,DUT-A6,6.9983,131.43,1
2026-07-16T01:00:49Z,7,DUT-A7,7.0058,120.55,1
2026-07-16T01:00:49Z,8,DUT-A8,7.0051,151.75,1
2026-07-16T01:01:03Z,1,DUT-A1,6.9568,745.32,1
2026-07-16T01:01:03Z,2,DUT-A2,6.9576,136.01,1
2026-07-16T01:01:03Z,3,DUT-A3,6.504,836.33,1
2026-07-16T01:01:03Z,4,DUT-A4,6.5035,187.2,1
2026-07-16T01:01:03Z,5,DUT-A5,6.9573,790.46,1
2026-07-16T01:01:03Z,6,DUT-A6,6.9983,129.78,1
2026-07-16T01:01:03Z,7,DUT-A7,7.0058,124.97,1
2026-07-16T01:01:03Z,8,DUT-A8,7.0049,139.54,1
2026-07-16T01:01:17Z,1,DUT-A1,6.9575,184.1,1
2026-07-16T01:01:17Z,2,DUT-A2,6.9576,196.76,1
2026-07-16T01:01:17Z,3,DUT-A3,6.5043,155.56,1
2026-07-16T01:01:17Z,4,DUT-A4,6.5033,186.72,1
2026-07-16T01:01:17Z,5,DUT-A5,6.9574,670.29,1
2026-07-16T01:01:17Z,6,DUT-A6,6.9981,224.48,1
2026-07-16T01:01:17Z,7,DUT-A7,7.006,122.94,1
2026-07-16T01:01:17Z,8,DUT-A8,7.0045,730.21,1
2026-07-16T01:01:31Z,1,DUT-A1,6.9574,200.09,1
2026-07-16T01:01:31Z,2,DUT-A2,6.9578,134.69,1
2026-07-16T01:01:31Z,3,DUT-A3,6.5041,156.96,1
2026-07-16T01:01:31Z,4,DUT-A4,6.5034,168.76,1
2026-07-16T01:01:31Z,5,DUT-A5,6.958,268.81,1
2026-07-16T01:01:31Z,6,DUT-A6,6.9983,124.94,1
2026-07-16T01:01:31Z,7,DUT-A7,7.0059,143.79,1
2026-07-16T01:01:31Z,8,DUT-A8,7.0053,126.22,1
2026-07-16T01:01:45Z,1,DUT-A1,6.9571,299.61,1
2026-07-16T01:01:45Z,2,DUT-A2,6.9575,286.59,1
2026-07-16T01:01:45Z,3,DUT-A3,6.5043,145.98,1
2026-07-16T01:01:45Z,4,DUT-A4,6.5034,164.39,1
2026-07-16T01:01:45Z,5,DUT-A5,6.958,222.88,1
2026-07-16T01:01:45Z,6,DUT-A6,6.9984,135.09,1
2026-07-16T01:01:45Z,7,DUT-A7,7.0059,144.86,1
2026-07-16T01:01:45Z,8,DUT-A8,7.005,164.69,1
2026-07-16T01:02:00Z,1,DUT-A1,6.9576,184.91,1
2026-07-16T01:02:00Z,2,DUT-A2,6.9578,122.4,1
2026-07-16T01:02:00Z,3,DUT-A3,6.5042,187.43,1
2026-07-16T01:02:00Z,4,DUT-A4,6.5033,172.4,1
2026-07-16T01:02:00Z,5,DUT-A5,6.958,308.36,1
2026-07-16T01:02:00Z,6,DUT-A6,6.9984,154.01,1
2026-07-16T01:02:00Z,7,DUT-A7,7.0058,162.94,1
2026-07-16T01:02:00Z,8,DUT-A8,7.0046,533.88,1
2026-07-16T01:02:14Z,1,DUT-A1,6.9574,201.34,1
2026-07-16T01:02:14Z,2,DUT-A2,6.9561,1028.54,1
2026-07-16T01:02:14Z,3,DUT-A3,6.5039,917.94,1
2026-07-16T01:02:14Z,4,DUT-A4,6.503,961.43,1
2026-07-16T01:02:14Z,5,DUT-A5,6.958,283.13,1
2026-07-16T01:02:14Z,6,DUT-A6,6.9986,130.74,1
2026-07-16T01:02:14Z,7,DUT-A7,7.006,113.86,1
2026-07-16T01:02:14Z,8,DUT-A8,7.0053,141.22,1
2026-07-16T01:02:28Z,1,DUT-A1,6.9575,198.72,1
2026-07-16T01:02:28Z,2,DUT-A2,6.9578,142.54,1
2026-07-16T01:02:28Z,3,DUT-A3,6.5044,144.22,1
2026-07-16T01:02:28Z,4,DUT-A4,6.5028,385.11,1
2026-07-16T01:02:28Z,5,DUT-A5,6.9581,241.32,1
2026-07-16T01:02:28Z,6,DUT-A6,6.9984,130.29,1
2026-07-16T01:02:28Z,7,DUT-A7,7.0057,435.0,1
2026-07-16T01:02:28Z,8,DUT-A8,7.0052,130.08,1
2026-07-16T01:02:42Z,1,DUT-A1,6.9577,178.76,1
2026-07-16T01:02:42Z,2,DUT-A2,6.9578,134.15,1
2026-07-16T01:02:42Z,3,DUT-A3,6.5041,154.11,1
2026-07-16T01:02:42Z,4,DUT-A4,6.5032,171.61,1
2026-07-16T01:02:42Z,5,DUT-A5,6.9582,281.4,1
2026-07-16T01:02:42Z,6,DUT-A6,6.9985,111.57,1
2026-07-16T01:02:42Z,7,DUT-A7,7.0053,771.46,1
2026-07-16T01:02:42Z,8,DUT-A8,7.005,141.93,1
2026-07-16T01:02:56Z,1,DUT-A1,6.9576,173.54,1
2026-07-16T01:02:56Z,2,DUT-A2,6.9576,122.33,1
2026-07-16T01:02:56Z,3,DUT-A3,6.5043,155.39,1
2026-07-16T01:02:56Z,4,DUT-A4,6.5032,183.36,1
2026-07-16T01:02:56Z,5,DUT-A5,6.9575,994.54,1
2026-07-16T01:02:56Z,6,DUT-A6,6.9978,814.03,1
2026-07-16T01:02:56Z,7,DUT-A7,7.0059,146.18,1
2026-07-16T01:02:56Z,8,DUT-A8,7.0046,786.08,1
2026-07-16T01:03:10Z,1,DUT-A1,6.9573,365.96,1
2026-07-16T01:03:10Z,2,DUT-A2,6.958,129.83,1
2026-07-16T01:03:10Z,3,DUT-A3,6.5042,165.69,1
2026-07-16T01:03:10Z,4,DUT-A4,6.5033,186.9,1
2026-07-16T01:03:10Z,5,DUT-A5,6.9581,246.86,1
2026-07-16T01:03:10Z,6,DUT-A6,6.9986,152.64,1
2026-07-16T01:03:10Z,7,DUT-A7,7.0062,117.75,1
2026-07-16T01:03:10Z,8,DUT-A8,7.0052,125.07,1
2026-07-16T01:03:24Z,1,DUT-A1,6.9566,933.89,1
2026-07-16T01:03:24Z,2,DUT-A2,6.9578,174.99,1
2026-07-16T01:03:24Z,3,DUT-A3,6.5041,173.11,1
2026-07-16T01:03:24Z,4,DUT-A4,6.5032,158.41,1
2026-07-16T01:03:24Z,5,DUT-A5,6.9583,221.43,1
2026-07-16T01:03:24Z,6,DUT-A6,6.9985,116.76,1
2026-07-16T01:03:24Z,7,DUT-A7,7.006,157.52,1
2026-07-16T01:03:24Z,8,DUT-A8,7.0051,148.49,1
2026-07-16T01:03:38Z,1,DUT-A1,6.9578,180.64,1
2026-07-16T01:03:38Z,2,DUT-A2,6.958,144.09,1
2026-07-16T01:03:38Z,3,DUT-A3,6.5042,110.63,1
2026-07-16T01:03:38Z,4,DUT-A4,6.5033,173.95,1
2026-07-16T01:03:38Z,5,DUT-A5,6.9581,238.93,1
2026-07-16T01:03:38Z,6,DUT-A6,6.9982,433.94,1
2026-07-16T01:03:38Z,7,DUT-A7,7.0061,128.45,1
2026-07-16T01:03:38Z,8,DUT-A8,7.0047,486.78,1
2026-07-16T01:03:51Z,1,DUT-A1,6.9577,185.78,1
2026-07-16T01:03:51Z,2,DUT-A2,6.9578,161.79,1
2026-07-16T01:03:51Z,3,DUT-A3,6.5043,141.86,1
2026-07-16T01:03:51Z,4,DUT-A4,6.5034,171.0,1
2026-07-16T01:03:51Z,5,DUT-A5,6.9583,262.88,1
2026-07-16T01:03:51Z,6,DUT-A6,6.9986,145.47,1
2026-07-16T01:03:51Z,7,DUT-A7,7.0061,120.72,1
2026-07-16T01:03:51Z,8,DUT-A8,7.0052,145.21,1
2026-07-16T01:04:05Z,1,DUT-A1,6.9577,187.51,1
2026-07-16T01:04:05Z,2,DUT-A2,6.9581,138.7,1
2026-07-16T01:04:05Z,3,DUT-A3,6.5044,161.87,1
2026-07-16T01:04:05Z,4,DUT-A4,6.5034,170.34,1
2026-07-16T01:04:05Z,5,DUT-A5,6.9581,232.49,1
2026-07-16T01:04:05Z,6,DUT-A6,6.9987,135.7,1
2026-07-16T01:04:05Z,7,DUT-A7,7.006,176.26,1
2026-07-16T01:04:05Z,8,DUT-A8,7.0051,116.78,1
2026-07-16T01:04:23Z,1,DUT-A1,6.9573,411.56,1
2026-07-16T01:04:23Z,2,DUT-A2,6.958,127.67,1
2026-07-16T01:04:23Z,3,DUT-A3,6.5043,137.56,1
2026-07-16T01:04:23Z,4,DUT-A4,6.5035,192.72,1
2026-07-16T01:04:23Z,5,DUT-A5,6.9584,221.13,1
2026-07-16T01:04:23Z,6,DUT-A6,6.9985,175.78,1
2026-07-16T01:04:23Z,7,DUT-A7,7.006,132.47,1
2026-07-16T01:04:23Z,8,DUT-A8,7.0054,155.16,1
2026-07-16T01:04:37Z,1,DUT-A1,6.9578,162.84,1
2026-07-16T01:04:37Z,2,DUT-A2,6.9579,170.82,1
2026-07-16T01:04:37Z,3,DUT-A3,6.5044,147.25,1
2026-07-16T01:04:37Z,4,DUT-A4,6.5034,185.93,1
2026-07-16T01:04:37Z,5,DUT-A5,6.9576,872.09,1
2026-07-16T01:04:37Z,6,DUT-A6,6.998,663.15,1
2026-07-16T01:04:37Z,7,DUT-A7,7.0062,154.24,1
2026-07-16T01:04:37Z,8,DUT-A8,7.0044,867.97,1
2026-07-16T01:04:51Z,1,DUT-A1,6.9578,194.3,1
2026-07-16T01:04:51Z,2,DUT-A2,6.9581,133.01,1
2026-07-16T01:04:51Z,3,DUT-A3,6.5042,136.54,1
2026-07-16T01:04:51Z,4,DUT-A4,6.5034,195.85,1
2026-07-16T01:04:51Z,5,DUT-A5,6.9585,276.19,1
2026-07-16T01:04:51Z,6,DUT-A6,6.9986,124.36,1
2026-07-16T01:04:51Z,7,DUT-A7,7.0062,154.78,1
2026-07-16T01:04:51Z,8,DUT-A8,7.0054,147.48,1
2026-07-16T01:05:05Z,1,DUT-A1,6.9566,884.55,1
2026-07-16T01:05:05Z,2,DUT-A2,6.9577,138.09,1
2026-07-16T01:05:05Z,3,DUT-A3,6.5043,131.28,1
2026-07-16T01:05:05Z,4,DUT-A4,6.5034,189.39,1
2026-07-16T01:05:05Z,5,DUT-A5,6.9583,206.12,1
2026-07-16T01:05:05Z,6,DUT-A6,6.9978,786.39,1
2026-07-16T01:05:05Z,7,DUT-A7,7.0061,117.19,1
2026-07-16T01:05:05Z,8,DUT-A8,7.0053,133.52,1
2026-07-16T01:05:19Z,1,DUT-A1,6.9576,194.45,1
2026-07-16T01:05:19Z,2,DUT-A2,6.9577,137.08,1
2026-07-16T01:05:19Z,3,DUT-A3,6.5041,858.44,1
2026-07-16T01:05:19Z,4,DUT-A4,6.5028,1078.87,1
2026-07-16T01:05:19Z,5,DUT-A5,6.9584,252.43,1
2026-07-16T01:05:19Z,6,DUT-A6,6.9984,122.63,1
2026-07-16T01:05:19Z,7,DUT-A7,7.0063,112.46,1
2026-07-16T01:05:19Z,8,DUT-A8,7.0052,156.81,1
2026-07-16T01:05:33Z,1,DUT-A1,6.9573,196.28,1
2026-07-16T01:05:33Z,2,DUT-A2,6.9567,788.37,1
2026-07-16T01:05:33Z,3,DUT-A3,6.5034,1673.84,1
2026-07-16T01:05:33Z,4,DUT-A4,6.503,760.47,1
2026-07-16T01:05:33Z,5,DUT-A5,6.958,638.94,1
2026-07-16T01:05:33Z,6,DUT-A6,6.9982,130.16,1
2026-07-16T01:05:33Z,7,DUT-A7,7.006,150.63,1
2026-07-16T01:05:33Z,8,DUT-A8,7.0052,135.07,1
2026-07-16T01:05:47Z,1,DUT-A1,6.9574,167.14,1
2026-07-16T01:05:47Z,2,DUT-A2,6.9577,144.27,1
2026-07-16T01:05:47Z,3,DUT-A3,6.5044,131.91,1
2026-07-16T01:05:47Z,4,DUT-A4,6.5032,163.65,1
2026-07-16T01:05:47Z,5,DUT-A5,6.9584,220.46,1
2026-07-16T01:05:47Z,6,DUT-A6,6.9981,128.79,1
2026-07-16T01:05:47Z,7,DUT-A7,7.005,1146.34,1
2026-07-16T01:05:47Z,8,DUT-A8,7.0052,165.43,1
2026-07-16T01:06:00Z,1,DUT-A1,6.9576,156.33,1
2026-07-16T01:06:00Z,2,DUT-A2,6.9579,130.26,1
2026-07-16T01:06:00Z,3,DUT-A3,6.5044,150.78,1
2026-07-16T01:06:00Z,4,DUT-A4,6.5034,182.42,1
2026-07-16T01:06:00Z,5,DUT-A5,6.9583,256.4,1
2026-07-16T01:06:00Z,6,DUT-A6,6.9984,138.5,1
2026-07-16T01:06:00Z,7,DUT-A7,7.0048,1538.54,1
2026-07-16T01:06:00Z,8,DUT-A8,7.0049,332.06,1
2026-07-16T01:06:14Z,1,DUT-A1,6.9575,225.68,1
2026-07-16T01:06:14Z,2,DUT-A2,6.9563,723.47,1
2026-07-16T01:06:14Z,3,DUT-A3,6.5041,378.67,1
2026-07-16T01:06:14Z,4,DUT-A4,6.5029,1001.23,1
2026-07-16T01:06:14Z,5,DUT-A5,6.9585,248.44,1
2026-07-16T01:06:14Z,6,DUT-A6,6.9983,139.01,1
2026-07-16T01:06:14Z,7,DUT-A7,7.0062,107.04,1
2026-07-16T01:06:14Z,8,DUT-A8,7.0052,142.34,1
2026-07-16T01:06:28Z,1,DUT-A1,6.9576,192.62,1
2026-07-16T01:06:28Z,2,DUT-A2,6.9579,140.76,1
2026-07-16T01:06:28Z,3,DUT-A3,6.5042,165.79,1
2026-07-16T01:06:28Z,4,DUT-A4,6.5032,725.0,1
2026-07-16T01:06:28Z,5,DUT-A5,6.9584,268.58,1
2026-07-16T01:06:28Z,6,DUT-A6,6.9985,124.21,1
2026-07-16T01:06:28Z,7,DUT-A7,7.0057,355.89,1
2026-07-16T01:06:28Z,8,DUT-A8,7.0053,133.62,1
2026-07-16T01:06:42Z,1,DUT-A1,6.9575,158.41,1
2026-07-16T01:06:42Z,2,DUT-A2,6.9579,115.05,1
2026-07-16T01:06:42Z,3,DUT-A3,6.5041,145.47,1
2026-07-16T01:06:42Z,4,DUT-A4,6.5033,158.46,1
2026-07-16T01:06:42Z,5,DUT-A5,6.9584,264.03,1
2026-07-16T01:06:42Z,6,DUT-A6,6.9982,138.81,1
2026-07-16T01:06:42Z,7,DUT-A7,7.0058,273.03,1
2026-07-16T01:06:42Z,8,DUT-A8,7.0052,137.43,1
2026-07-16T01:06:56Z,1,DUT-A1,6.9577,216.09,1
2026-07-16T01:06:56Z,2,DUT-A2,6.9577,130.59,1
2026-07-16T01:06:56Z,3,DUT-A3,6.5043,135.65,1
2026-07-16T01:06:56Z,4,DUT-A4,6.5033,184.66,1
2026-07-16T01:06:56Z,5,DUT-A5,6.9579,964.79,1
2026-07-16T01:06:56Z,6,DUT-A6,6.9976,831.68,1
2026-07-16T01:06:56Z,7,DUT-A7,7.006,134.41,1
2026-07-16T01:06:56Z,8,DUT-A8,7.0046,716.22,1
2026-07-16T01:07:11Z,1,DUT-A1,6.9575,164.08,1
2026-07-16T01:07:11Z,2,DUT-A2,6.9581,156.56,1
2026-07-16T01:07:11Z,3,DUT-A3,6.5041,152.23,1
2026-07-16T01:07:11Z,4,DUT-A4,6.5033,156.81,1
2026-07-16T01:07:11Z,5,DUT-A5,6.9587,333.41,1
2026-07-16T01:07:11Z,6,DUT-A6,6.9983,106.43,1
2026-07-16T01:07:11Z,7,DUT-A7,7.006,145.39,1
2026-07-16T01:07:11Z,8,DUT-A8,7.0053,122.55,1
2026-07-16T01:07:25Z,1,DUT-A1,6.9565,806.81,1
2026-07-16T01:07:25Z,2,DUT-A2,6.9581,133.26,1
2026-07-16T01:07:25Z,3,DUT-A3,6.5043,112.03,1
2026-07-16T01:07:25Z,4,DUT-A4,6.5034,193.56,1
2026-07-16T01:07:25Z,5,DUT-A5,6.9584,247.24,1
2026-07-16T01:07:25Z,6,DUT-A6,6.9985,149.82,1
2026-07-16T01:07:25Z,7,DUT-A7,7.006,144.48,1
2026-07-16T01:07:25Z,8,DUT-A8,7.0054,138.3,1
2026-07-16T01:07:39Z,1,DUT-A1,6.9572,335.13,1
2026-07-16T01:07:39Z,2,DUT-A2,6.958,160.17,1
2026-07-16T01:07:39Z,3,DUT-A3,6.5044,173.37,1
2026-07-16T01:07:39Z,4,DUT-A4,6.5035,190.84,1
2026-07-16T01:07:39Z,5,DUT-A5,6.9583,270.31,1
2026-07-16T01:07:39Z,6,DUT-A6,6.9979,289.08,1
2026-07-16T01:07:39Z,7,DUT-A7,7.006,156.91,1
2026-07-16T01:07:39Z,8,DUT-A8,7.0053,137.69,1
2026-07-16T01:07:53Z,1,DUT-A1,6.9577,176.88,1
2026-07-16T01:07:53Z,2,DUT-A2,6.9569,770.37,1
2026-07-16T01:07:53Z,3,DUT-A3,6.5039,876.26,1
2026-07-16T01:07:53Z,4,DUT-A4,6.5031,864.31,1
2026-07-16T01:07:53Z,5,DUT-A5,6.9587,284.7,1
2026-07-16T01:07:53Z,6,DUT-A6,6.9984,118.31,1
2026-07-16T01:07:53Z,7,DUT-A7,7.0063,115.23,1
2026-07-16T01:07:53Z,8,DUT-A8,7.0053,128.07,1
2026-07-16T01:08:07Z,1,DUT-A1,6.9577,176.29,1
2026-07-16T01:08:07Z,2,DUT-A2,6.9581,120.16,1
2026-07-16T01:08:07Z,3,DUT-A3,6.5042,120.65,1
2026-07-16T01:08:07Z,4,DUT-A4,6.5035,215.66,1
2026-07-16T01:08:07Z,5,DUT-A5,6.9589,181.5,1
2026-07-16T01:08:07Z,6,DUT-A6,6.9985,148.65,1
2026-07-16T01:08:07Z,7,DUT-A7,7.0061,112.79,1
2026-07-16T01:08:07Z,8,DUT-A8,7.0055,152.16,1
2026-07-16T01:08:21Z,1,DUT-A1,6.9577,181.78,1
2026-07-16T01:08:21Z,2,DUT-A2,6.958,129.37,1
2026-07-16T01:08:21Z,3,DUT-A3,6.5042,137.43,1
2026-07-16T01:08:21Z,4,DUT-A4,6.5035,165.71,1
2026-07-16T01:08:21Z,5,DUT-A5,6.9588,207.67,1
2026-07-16T01:08:21Z,6,DUT-A6,6.9984,129.93,1
2026-07-16T01:08:21Z,7,DUT-A7,7.0056,846.2,1
2026-07-16T01:08:21Z,8,DUT-A8,7.0053,119.63,1
2026-07-16T01:08:35Z,1,DUT-A1,6.9576,179.06,1
2026-07-16T01:08:35Z,2,DUT-A2,6.9578,125.05,1
2026-07-16T01:08:35Z,3,DUT-A3,6.5041,147.32,1
2026-07-16T01:08:35Z,4,DUT-A4,6.5033,522.54,1
2026-07-16T01:08:35Z,5,DUT-A5,6.9588,232.32,1
2026-07-16T01:08:35Z,6,DUT-A6,6.9982,403.62,1
2026-07-16T01:08:35Z,7,DUT-A7,7.0062,131.68,1
2026-07-16T01:08:35Z,8,DUT-A8,7.0054,130.84,1
2026-07-16T01:08:49Z,1,DUT-A1,6.9579,194.37,1
2026-07-16T01:08:49Z,2,DUT-A2,6.958,141.07,1
2026-07-16T01:08:49Z,3,DUT-A3,6.5041,172.15,1
2026-07-16T01:08:49Z,4,DUT-A4,6.5033,177.0,1
2026-07-16T01:08:49Z,5,DUT-A5,6.9589,212.53,1
2026-07-16T01:08:49Z,6,DUT-A6,6.9985,94.43,1
2026-07-16T01:08:49Z,7,DUT-A7,7.0061,112.59,1
2026-07-16T01:08:49Z,8,DUT-A8,7.0052,144.63,1
2026-07-16T01:09:03Z,1,DUT-A1,6.958,199.99,1
2026-07-16T01:09:03Z,2,DUT-A2,6.9582,137.71,1
2026-07-16T01:09:03Z,3,DUT-A3,6.5039,872.07,1
2026-07-16T01:09:03Z,4,DUT-A4,6.5034,158.57,1
2026-07-16T01:09:03Z,5,DUT-A5,6.9585,751.75,1
2026-07-16T01:09:03Z,6,DUT-A6,6.9985,143.66,1
2026-07-16T01:09:03Z,7,DUT-A7,7.0062,124.28,1
2026-07-16T01:09:03Z,8,DUT-A8,7.0054,149.13,1
2026-07-16T01:09:17Z,1,DUT-A1,6.9578,173.75,1
2026-07-16T01:09:17Z,2,DUT-A2,6.958,139.14,1
2026-07-16T01:09:17Z,3,DUT-A3,6.5042,166.63,1
2026-07-16T01:09:17Z,4,DUT-A4,6.5035,163.24,1
2026-07-16T01:09:17Z,5,DUT-A5,6.9583,1008.4,1
2026-07-16T01:09:17Z,6,DUT-A6,6.9978,852.71,1
2026-07-16T01:09:17Z,7,DUT-A7,7.0061,160.9,1
2026-07-16T01:09:17Z,8,DUT-A8,7.005,887.15,1
